,name,min_salary,max_salary,currency,link,website
0,Комплектовщик/комплектовщица интернет-заказов Ozon,,71225,руб,https://hh.ru/vacancy/54413936?query=%D1%80%D0%B0%D0%B7%D0%BD%D0%BE%D1%80%D0%B0%D0%B1%D0%BE%D1%87%D0%B8%D0%B9,https://hh.ru
1,Грузчик / Разнорабочий,,70000,руб,https://hh.ru/vacancy/54413936?query=%D1%80%D0%B0%D0%B7%D0%BD%D0%BE%D1%80%D0%B0%D0%B1%D0%BE%D1%87%D0%B8%D0%B9,https://hh.ru
2,Разнорабочий,87500,,руб,https://hh.ru/vacancy/54413936?query=%D1%80%D0%B0%D0%B7%D0%BD%D0%BE%D1%80%D0%B0%D0%B1%D0%BE%D1%87%D0%B8%D0%B9,https://hh.ru
3,Разнорабочий,80000,,руб,https://hh.ru/vacancy/54413936?query=%D1%80%D0%B0%D0%B7%D0%BD%D0%BE%D1%80%D0%B0%D0%B1%D0%BE%D1%87%D0%B8%D0%B9,https://hh.ru
4,Грузчик-разнорабочий,95000,,руб,https://hh.ru/vacancy/54413936?query=%D1%80%D0%B0%D0%B7%D0%BD%D0%BE%D1%80%D0%B0%D0%B1%D0%BE%D1%87%D0%B8%D0%B9,https://hh.ru
5,Разнорабочий,,75000,руб,https://hh.ru/vacancy/54413936?query=%D1%80%D0%B0%D0%B7%D0%BD%D0%BE%D1%80%D0%B0%D0%B1%D0%BE%D1%87%D0%B8%D0%B9,https://hh.ru
6,Разнорабочий в аэропорт,57000,,руб,https://hh.ru/vacancy/54413936?query=%D1%80%D0%B0%D0%B7%D0%BD%D0%BE%D1%80%D0%B0%D0%B1%D0%BE%D1%87%D0%B8%D0%B9,https://hh.ru
7,Разнорабочий,60000,,руб,https://hh.ru/vacancy/54413936?query=%D1%80%D0%B0%D0%B7%D0%BD%D0%BE%D1%80%D0%B0%D0%B1%D0%BE%D1%87%D0%B8%D0%B9,https://hh.ru
8,Разнорабочий на склад (розлив натуральных эссенций),,50000,руб,https://hh.ru/vacancy/54413936?query=%D1%80%D0%B0%D0%B7%D0%BD%D0%BE%D1%80%D0%B0%D0%B1%D0%BE%D1%87%D0%B8%D0%B9,https://hh.ru
9,Разнорабочий,,80000,руб,https://hh.ru/vacancy/54413936?query=%D1%80%D0%B0%D0%B7%D0%BD%D0%BE%D1%80%D0%B0%D0%B1%D0%BE%D1%87%D0%B8%D0%B9,https://hh.ru
10,Разнорабочий,60000,,руб,https://hh.ru/vacancy/54413936?query=%D1%80%D0%B0%D0%B7%D0%BD%D0%BE%D1%80%D0%B0%D0%B1%D0%BE%D1%87%D0%B8%D0%B9,https://hh.ru
11,Разнорабочий в офис,,75000,руб,https://hh.ru/vacancy/54413936?query=%D1%80%D0%B0%D0%B7%D0%BD%D0%BE%D1%80%D0%B0%D0%B1%D0%BE%D1%87%D0%B8%D0%B9,https://hh.ru
12,Грузчик-разнорабочий,,37000,руб,https://hh.ru/vacancy/54413936?query=%D1%80%D0%B0%D0%B7%D0%BD%D0%BE%D1%80%D0%B0%D0%B1%D0%BE%D1%87%D0%B8%D0%B9,https://hh.ru
13,Разнорабочий на стройку,,60000,руб,https://hh.ru/vacancy/54413936?query=%D1%80%D0%B0%D0%B7%D0%BD%D0%BE%D1%80%D0%B0%D0%B1%D0%BE%D1%87%D0%B8%D0%B9,https://hh.ru
14,Подсобный рабочий,46000,,руб,https://hh.ru/vacancy/54413936?query=%D1%80%D0%B0%D0%B7%D0%BD%D0%BE%D1%80%D0%B0%D0%B1%D0%BE%D1%87%D0%B8%D0%B9,https://hh.ru
15,Разнорабочий на склад (м. Савеловская),40000,,руб,https://hh.ru/vacancy/54413936?query=%D1%80%D0%B0%D0%B7%D0%BD%D0%BE%D1%80%D0%B0%D0%B1%D0%BE%D1%87%D0%B8%D0%B9,https://hh.ru
16,Разнорабочий,,55000,руб,https://hh.ru/vacancy/54413936?query=%D1%80%D0%B0%D0%B7%D0%BD%D0%BE%D1%80%D0%B0%D0%B1%D0%BE%D1%87%D0%B8%D0%B9,https://hh.ru
17,Разнорабочий,,80000,руб,https://hh.ru/vacancy/54413936?query=%D1%80%D0%B0%D0%B7%D0%BD%D0%BE%D1%80%D0%B0%D0%B1%D0%BE%D1%87%D0%B8%D0%B9,https://hh.ru
18,Грузчик,,65000,руб,https://hh.ru/vacancy/54413936?query=%D1%80%D0%B0%D0%B7%D0%BD%D0%BE%D1%80%D0%B0%D0%B1%D0%BE%D1%87%D0%B8%D0%B9,https://hh.ru
19,Разнорабочий в загородный дом,60000,,руб,https://hh.ru/vacancy/54413936?query=%D1%80%D0%B0%D0%B7%D0%BD%D0%BE%D1%80%D0%B0%D0%B1%D0%BE%D1%87%D0%B8%D0%B9,https://hh.ru
20,Разнорабочий,,,,https://hh.ru/vacancy/54413936?query=%D1%80%D0%B0%D0%B7%D0%BD%D0%BE%D1%80%D0%B0%D0%B1%D0%BE%D1%87%D0%B8%D0%B9,https://hh.ru
21,Разнорабочий/грузчик,,51480,руб,https://hh.ru/vacancy/54413936?query=%D1%80%D0%B0%D0%B7%D0%BD%D0%BE%D1%80%D0%B0%D0%B1%D0%BE%D1%87%D0%B8%D0%B9,https://hh.ru
22,Разнорабочий,,50000,руб,https://hh.ru/vacancy/54413936?query=%D1%80%D0%B0%D0%B7%D0%BD%D0%BE%D1%80%D0%B0%D0%B1%D0%BE%D1%87%D0%B8%D0%B9,https://hh.ru
23,Разнорабочий,,,,https://hh.ru/vacancy/54413936?query=%D1%80%D0%B0%D0%B7%D0%BD%D0%BE%D1%80%D0%B0%D0%B1%D0%BE%D1%87%D0%B8%D0%B9,https://hh.ru
24,Упаковщик,87500,,руб,https://hh.ru/vacancy/54413936?query=%D1%80%D0%B0%D0%B7%D0%BD%D0%BE%D1%80%D0%B0%D0%B1%D0%BE%D1%87%D0%B8%D0%B9,https://hh.ru
25,Рабочий / Разнорабочий,50000,,руб,https://hh.ru/vacancy/54413936?query=%D1%80%D0%B0%D0%B7%D0%BD%D0%BE%D1%80%D0%B0%D0%B1%D0%BE%D1%87%D0%B8%D0%B9,https://hh.ru
26,Разнорабочий,,40000,руб,https://hh.ru/vacancy/54413936?query=%D1%80%D0%B0%D0%B7%D0%BD%D0%BE%D1%80%D0%B0%D0%B1%D0%BE%D1%87%D0%B8%D0%B9,https://hh.ru
27,Кладовщик-комплектовщик,87500,,руб,https://hh.ru/vacancy/54413936?query=%D1%80%D0%B0%D0%B7%D0%BD%D0%BE%D1%80%D0%B0%D0%B1%D0%BE%D1%87%D0%B8%D0%B9,https://hh.ru
28,Подсобный рабочий/Электрик,65000,,руб,https://hh.ru/vacancy/54413936?query=%D1%80%D0%B0%D0%B7%D0%BD%D0%BE%D1%80%D0%B0%D0%B1%D0%BE%D1%87%D0%B8%D0%B9,https://hh.ru
29,Разнорабочий,,50000,руб,https://hh.ru/vacancy/54413936?query=%D1%80%D0%B0%D0%B7%D0%BD%D0%BE%D1%80%D0%B0%D0%B1%D0%BE%D1%87%D0%B8%D0%B9,https://hh.ru
30,Уборщик-разнорабочий в автосервис,,45000,руб,https://hh.ru/vacancy/54413936?query=%D1%80%D0%B0%D0%B7%D0%BD%D0%BE%D1%80%D0%B0%D0%B1%D0%BE%D1%87%D0%B8%D0%B9,https://hh.ru
31,Грузчик / подсобный рабочий,50000,,руб,https://hh.ru/vacancy/54413936?query=%D1%80%D0%B0%D0%B7%D0%BD%D0%BE%D1%80%D0%B0%D0%B1%D0%BE%D1%87%D0%B8%D0%B9,https://hh.ru
32,Подсобный рабочий,,,,https://hh.ru/vacancy/54413936?query=%D1%80%D0%B0%D0%B7%D0%BD%D0%BE%D1%80%D0%B0%D0%B1%D0%BE%D1%87%D0%B8%D0%B9,https://hh.ru
33,Грузчик-комплектовщик / Разнорабочий,50000,,руб,https://hh.ru/vacancy/54413936?query=%D1%80%D0%B0%D0%B7%D0%BD%D0%BE%D1%80%D0%B0%D0%B1%D0%BE%D1%87%D0%B8%D0%B9,https://hh.ru
34,Разнорабочий на завод бытовой техники,59800,,руб,https://hh.ru/vacancy/54413936?query=%D1%80%D0%B0%D0%B7%D0%BD%D0%BE%D1%80%D0%B0%D0%B1%D0%BE%D1%87%D0%B8%D0%B9,https://hh.ru
35,Комплектовщик-работник склада,,70000,руб,https://hh.ru/vacancy/54413936?query=%D1%80%D0%B0%D0%B7%D0%BD%D0%BE%D1%80%D0%B0%D0%B1%D0%BE%D1%87%D0%B8%D0%B9,https://hh.ru
36,Лифтер / Разнорабочий,,40000,руб,https://hh.ru/vacancy/54413936?query=%D1%80%D0%B0%D0%B7%D0%BD%D0%BE%D1%80%D0%B0%D0%B1%D0%BE%D1%87%D0%B8%D0%B9,https://hh.ru
37,Разнорабочий с функцией водителя,57000,,руб,https://hh.ru/vacancy/54413936?query=%D1%80%D0%B0%D0%B7%D0%BD%D0%BE%D1%80%D0%B0%D0%B1%D0%BE%D1%87%D0%B8%D0%B9,https://hh.ru
38,Разнорабочий/Подсобный рабочий,40000,,руб,https://hh.ru/vacancy/54413936?query=%D1%80%D0%B0%D0%B7%D0%BD%D0%BE%D1%80%D0%B0%D0%B1%D0%BE%D1%87%D0%B8%D0%B9,https://hh.ru
39,Разнорабочий в офис,,35000,руб,https://hh.ru/vacancy/54413936?query=%D1%80%D0%B0%D0%B7%D0%BD%D0%BE%D1%80%D0%B0%D0%B1%D0%BE%D1%87%D0%B8%D0%B9,https://hh.ru
40,Подсобный рабочий,35000,,руб,https://hh.ru/vacancy/54413936?query=%D1%80%D0%B0%D0%B7%D0%BD%D0%BE%D1%80%D0%B0%D0%B1%D0%BE%D1%87%D0%B8%D0%B9,https://hh.ru
41,Разнорабочий,40000,,руб,https://hh.ru/vacancy/54413936?query=%D1%80%D0%B0%D0%B7%D0%BD%D0%BE%D1%80%D0%B0%D0%B1%D0%BE%D1%87%D0%B8%D0%B9,https://hh.ru
42,Комплектовщик-складской рабочий,,77000,руб,https://hh.ru/vacancy/54413936?query=%D1%80%D0%B0%D0%B7%D0%BD%D0%BE%D1%80%D0%B0%D0%B1%D0%BE%D1%87%D0%B8%D0%B9,https://hh.ru
43,Грузчик / Работник склада / Разнорабочий в ресторанный комплекс,,40000,руб,https://hh.ru/vacancy/54413936?query=%D1%80%D0%B0%D0%B7%D0%BD%D0%BE%D1%80%D0%B0%D0%B1%D0%BE%D1%87%D0%B8%D0%B9,https://hh.ru
44,Разнорабочий в офис,,45000,руб,https://hh.ru/vacancy/54413936?query=%D1%80%D0%B0%D0%B7%D0%BD%D0%BE%D1%80%D0%B0%D0%B1%D0%BE%D1%87%D0%B8%D0%B9,https://hh.ru
45,Разнорабочий/грузчик на склад,,54900,руб,https://hh.ru/vacancy/54413936?query=%D1%80%D0%B0%D0%B7%D0%BD%D0%BE%D1%80%D0%B0%D0%B1%D0%BE%D1%87%D0%B8%D0%B9,https://hh.ru
46,Грузчик-разнорабочий,46000,,руб,https://hh.ru/vacancy/54413936?query=%D1%80%D0%B0%D0%B7%D0%BD%D0%BE%D1%80%D0%B0%D0%B1%D0%BE%D1%87%D0%B8%D0%B9,https://hh.ru
47,Разнорабочий,,,,https://hh.ru/vacancy/54413936?query=%D1%80%D0%B0%D0%B7%D0%BD%D0%BE%D1%80%D0%B0%D0%B1%D0%BE%D1%87%D0%B8%D0%B9,https://hh.ru
48,Разнорабочий на литейное производство,,77000,руб,https://hh.ru/vacancy/54413936?query=%D1%80%D0%B0%D0%B7%D0%BD%D0%BE%D1%80%D0%B0%D0%B1%D0%BE%D1%87%D0%B8%D0%B9,https://hh.ru
49,Подсобный рабочий/Дворник,,47400,руб,https://hh.ru/vacancy/54413936?query=%D1%80%D0%B0%D0%B7%D0%BD%D0%BE%D1%80%D0%B0%D0%B1%D0%BE%D1%87%D0%B8%D0%B9,https://hh.ru
50,Разнорабочий,,45000,руб,https://hh.ru/vacancy/54413936?query=%D1%80%D0%B0%D0%B7%D0%BD%D0%BE%D1%80%D0%B0%D0%B1%D0%BE%D1%87%D0%B8%D0%B9,https://hh.ru
51,"Разнорабочий на строительный объект (Москва, Ямал)",,80000,руб,https://hh.ru/vacancy/54413936?query=%D1%80%D0%B0%D0%B7%D0%BD%D0%BE%D1%80%D0%B0%D0%B1%D0%BE%D1%87%D0%B8%D0%B9,https://hh.ru
52,Разнорабочий на капитальный ремонт,,50000,руб,https://hh.ru/vacancy/54413936?query=%D1%80%D0%B0%D0%B7%D0%BD%D0%BE%D1%80%D0%B0%D0%B1%D0%BE%D1%87%D0%B8%D0%B9,https://hh.ru
53,Разнорабочий,,,,https://hh.ru/vacancy/54413936?query=%D1%80%D0%B0%D0%B7%D0%BD%D0%BE%D1%80%D0%B0%D0%B1%D0%BE%D1%87%D0%B8%D0%B9,https://hh.ru
54,Подсобный рабочий,40000,,руб,https://hh.ru/vacancy/54413936?query=%D1%80%D0%B0%D0%B7%D0%BD%D0%BE%D1%80%D0%B0%D0%B1%D0%BE%D1%87%D0%B8%D0%B9,https://hh.ru
55,Разнорабочий,,18500,руб,https://hh.ru/vacancy/54413936?query=%D1%80%D0%B0%D0%B7%D0%BD%D0%BE%D1%80%D0%B0%D0%B1%D0%BE%D1%87%D0%B8%D0%B9,https://hh.ru
56,Разнорабочий/подсобный рабочий,,,,https://hh.ru/vacancy/54413936?query=%D1%80%D0%B0%D0%B7%D0%BD%D0%BE%D1%80%D0%B0%D0%B1%D0%BE%D1%87%D0%B8%D0%B9,https://hh.ru
57,Уборщик/разнорабочий,30000,,руб,https://hh.ru/vacancy/54413936?query=%D1%80%D0%B0%D0%B7%D0%BD%D0%BE%D1%80%D0%B0%D0%B1%D0%BE%D1%87%D0%B8%D0%B9,https://hh.ru
58,Разнорабочий,,45000,руб,https://hh.ru/vacancy/54413936?query=%D1%80%D0%B0%D0%B7%D0%BD%D0%BE%D1%80%D0%B0%D0%B1%D0%BE%D1%87%D0%B8%D0%B9,https://hh.ru
59,Разнорабочий на склад,,35000,руб,https://hh.ru/vacancy/54413936?query=%D1%80%D0%B0%D0%B7%D0%BD%D0%BE%D1%80%D0%B0%D0%B1%D0%BE%D1%87%D0%B8%D0%B9,https://hh.ru
60,Разнорабочий (Подсобный рабочий),,45000,руб,https://hh.ru/vacancy/54413936?query=%D1%80%D0%B0%D0%B7%D0%BD%D0%BE%D1%80%D0%B0%D0%B1%D0%BE%D1%87%D0%B8%D0%B9,https://hh.ru
61,Подсобный рабочий (Разнорабочий),33000,,руб,https://hh.ru/vacancy/54413936?query=%D1%80%D0%B0%D0%B7%D0%BD%D0%BE%D1%80%D0%B0%D0%B1%D0%BE%D1%87%D0%B8%D0%B9,https://hh.ru
62,Дворник-разнорабочий,,28000,руб,https://hh.ru/vacancy/54413936?query=%D1%80%D0%B0%D0%B7%D0%BD%D0%BE%D1%80%D0%B0%D0%B1%D0%BE%D1%87%D0%B8%D0%B9,https://hh.ru
63,Разнорабочий,,50000,руб,https://hh.ru/vacancy/54413936?query=%D1%80%D0%B0%D0%B7%D0%BD%D0%BE%D1%80%D0%B0%D0%B1%D0%BE%D1%87%D0%B8%D0%B9,https://hh.ru
64,Разнорабочий (хаус-мастер),,57500,руб,https://hh.ru/vacancy/54413936?query=%D1%80%D0%B0%D0%B7%D0%BD%D0%BE%D1%80%D0%B0%D0%B1%D0%BE%D1%87%D0%B8%D0%B9,https://hh.ru
65,"Разнорабочий/Плотник, г. Москва",44500,,руб,https://hh.ru/vacancy/54413936?query=%D1%80%D0%B0%D0%B7%D0%BD%D0%BE%D1%80%D0%B0%D0%B1%D0%BE%D1%87%D0%B8%D0%B9,https://hh.ru
66,Маляр-разнорабочий,,,,https://hh.ru/vacancy/54413936?query=%D1%80%D0%B0%D0%B7%D0%BD%D0%BE%D1%80%D0%B0%D0%B1%D0%BE%D1%87%D0%B8%D0%B9,https://hh.ru
67,Разнорабочий,48700,,руб,https://hh.ru/vacancy/54413936?query=%D1%80%D0%B0%D0%B7%D0%BD%D0%BE%D1%80%D0%B0%D0%B1%D0%BE%D1%87%D0%B8%D0%B9,https://hh.ru
68,Разнорабочий на стройку,,50000,руб,https://hh.ru/vacancy/54413936?query=%D1%80%D0%B0%D0%B7%D0%BD%D0%BE%D1%80%D0%B0%D0%B1%D0%BE%D1%87%D0%B8%D0%B9,https://hh.ru
69,Разнорабочий,,40000,руб,https://hh.ru/vacancy/54413936?query=%D1%80%D0%B0%D0%B7%D0%BD%D0%BE%D1%80%D0%B0%D0%B1%D0%BE%D1%87%D0%B8%D0%B9,https://hh.ru
70,Разнорабочий,40000,,руб,https://hh.ru/vacancy/54413936?query=%D1%80%D0%B0%D0%B7%D0%BD%D0%BE%D1%80%D0%B0%D0%B1%D0%BE%D1%87%D0%B8%D0%B9,https://hh.ru
71,Подсобный рабочий,,31200,руб,https://hh.ru/vacancy/54413936?query=%D1%80%D0%B0%D0%B7%D0%BD%D0%BE%D1%80%D0%B0%D0%B1%D0%BE%D1%87%D0%B8%D0%B9,https://hh.ru
72,Разнорабочий на строительный участок,,60000,руб,https://hh.ru/vacancy/54413936?query=%D1%80%D0%B0%D0%B7%D0%BD%D0%BE%D1%80%D0%B0%D0%B1%D0%BE%D1%87%D0%B8%D0%B9,https://hh.ru
73,Комплектовщик,,57200,руб,https://hh.ru/vacancy/54413936?query=%D1%80%D0%B0%D0%B7%D0%BD%D0%BE%D1%80%D0%B0%D0%B1%D0%BE%D1%87%D0%B8%D0%B9,https://hh.ru
74,Разнорабочий,,45000,руб,https://hh.ru/vacancy/54413936?query=%D1%80%D0%B0%D0%B7%D0%BD%D0%BE%D1%80%D0%B0%D0%B1%D0%BE%D1%87%D0%B8%D0%B9,https://hh.ru
75,Вспомогательный рабочий (разнорабочий),38000,,руб,https://hh.ru/vacancy/54413936?query=%D1%80%D0%B0%D0%B7%D0%BD%D0%BE%D1%80%D0%B0%D0%B1%D0%BE%D1%87%D0%B8%D0%B9,https://hh.ru
76,Разнорабочий на приёмку в мебельный цех,,50000,руб,https://hh.ru/vacancy/54413936?query=%D1%80%D0%B0%D0%B7%D0%BD%D0%BE%D1%80%D0%B0%D0%B1%D0%BE%D1%87%D0%B8%D0%B9,https://hh.ru
77,Разнорабочий,,45000,руб,https://hh.ru/vacancy/54413936?query=%D1%80%D0%B0%D0%B7%D0%BD%D0%BE%D1%80%D0%B0%D0%B1%D0%BE%D1%87%D0%B8%D0%B9,https://hh.ru
78,Грузчик/Разнорабочий,,80000,руб,https://hh.ru/vacancy/54413936?query=%D1%80%D0%B0%D0%B7%D0%BD%D0%BE%D1%80%D0%B0%D0%B1%D0%BE%D1%87%D0%B8%D0%B9,https://hh.ru
79,Рабочий,,50000,руб,https://hh.ru/vacancy/54413936?query=%D1%80%D0%B0%D0%B7%D0%BD%D0%BE%D1%80%D0%B0%D0%B1%D0%BE%D1%87%D0%B8%D0%B9,https://hh.ru
80,Грузчик-комплектовщик на склад одежды,72000,,руб,https://hh.ru/vacancy/54413936?query=%D1%80%D0%B0%D0%B7%D0%BD%D0%BE%D1%80%D0%B0%D0%B1%D0%BE%D1%87%D0%B8%D0%B9,https://hh.ru
81,Разнорабочий на строительный участок,,60000,руб,https://hh.ru/vacancy/54413936?query=%D1%80%D0%B0%D0%B7%D0%BD%D0%BE%D1%80%D0%B0%D0%B1%D0%BE%D1%87%D0%B8%D0%B9,https://hh.ru
82,Разнорабочий,,80000,руб,https://hh.ru/vacancy/54413936?query=%D1%80%D0%B0%D0%B7%D0%BD%D0%BE%D1%80%D0%B0%D0%B1%D0%BE%D1%87%D0%B8%D0%B9,https://hh.ru
83,Разнорабочий (стройка),,,,https://hh.ru/vacancy/54413936?query=%D1%80%D0%B0%D0%B7%D0%BD%D0%BE%D1%80%D0%B0%D0%B1%D0%BE%D1%87%D0%B8%D0%B9,https://hh.ru
84,Подсобный рабочий,,35000,руб,https://hh.ru/vacancy/54413936?query=%D1%80%D0%B0%D0%B7%D0%BD%D0%BE%D1%80%D0%B0%D0%B1%D0%BE%D1%87%D0%B8%D0%B9,https://hh.ru
85,Рабочий зеленого хозяйства (разнорабочий),,,,https://hh.ru/vacancy/54413936?query=%D1%80%D0%B0%D0%B7%D0%BD%D0%BE%D1%80%D0%B0%D0%B1%D0%BE%D1%87%D0%B8%D0%B9,https://hh.ru
86,Подсобный рабочий,,40000,руб,https://hh.ru/vacancy/54413936?query=%D1%80%D0%B0%D0%B7%D0%BD%D0%BE%D1%80%D0%B0%D0%B1%D0%BE%D1%87%D0%B8%D0%B9,https://hh.ru
87,Разнорабочий сотрудник на производство МЫТИЩИ (Пирогово),,40000,руб,https://hh.ru/vacancy/54413936?query=%D1%80%D0%B0%D0%B7%D0%BD%D0%BE%D1%80%D0%B0%D0%B1%D0%BE%D1%87%D0%B8%D0%B9,https://hh.ru
88,Разнорабочий,,70000,руб,https://hh.ru/vacancy/54413936?query=%D1%80%D0%B0%D0%B7%D0%BD%D0%BE%D1%80%D0%B0%D0%B1%D0%BE%D1%87%D0%B8%D0%B9,https://hh.ru
89,Грузчик-разнорабочий,44000,,руб,https://hh.ru/vacancy/54413936?query=%D1%80%D0%B0%D0%B7%D0%BD%D0%BE%D1%80%D0%B0%D0%B1%D0%BE%D1%87%D0%B8%D0%B9,https://hh.ru
90,Разнорабочий,,39600,руб,https://hh.ru/vacancy/54413936?query=%D1%80%D0%B0%D0%B7%D0%BD%D0%BE%D1%80%D0%B0%D0%B1%D0%BE%D1%87%D0%B8%D0%B9,https://hh.ru
91,Разнорабочий,,,,https://hh.ru/vacancy/54413936?query=%D1%80%D0%B0%D0%B7%D0%BD%D0%BE%D1%80%D0%B0%D0%B1%D0%BE%D1%87%D0%B8%D0%B9,https://hh.ru
92,Разнорабочий (на строительные работы),,,,https://hh.ru/vacancy/54413936?query=%D1%80%D0%B0%D0%B7%D0%BD%D0%BE%D1%80%D0%B0%D0%B1%D0%BE%D1%87%D0%B8%D0%B9,https://hh.ru
93,Грузчик-разнорабочий,,30000,руб,https://hh.ru/vacancy/54413936?query=%D1%80%D0%B0%D0%B7%D0%BD%D0%BE%D1%80%D0%B0%D0%B1%D0%BE%D1%87%D0%B8%D0%B9,https://hh.ru
94,Разнорабочий,70000,,руб,https://hh.ru/vacancy/54413936?query=%D1%80%D0%B0%D0%B7%D0%BD%D0%BE%D1%80%D0%B0%D0%B1%D0%BE%D1%87%D0%B8%D0%B9,https://hh.ru
95,Разнорабочий,,65000,руб,https://hh.ru/vacancy/54413936?query=%D1%80%D0%B0%D0%B7%D0%BD%D0%BE%D1%80%D0%B0%D0%B1%D0%BE%D1%87%D0%B8%D0%B9,https://hh.ru
96,Аппаратчик - разнорабочий,,,,https://hh.ru/vacancy/54413936?query=%D1%80%D0%B0%D0%B7%D0%BD%D0%BE%D1%80%D0%B0%D0%B1%D0%BE%D1%87%D0%B8%D0%B9,https://hh.ru
97,Разнорабочий,,65000,руб,https://hh.ru/vacancy/54413936?query=%D1%80%D0%B0%D0%B7%D0%BD%D0%BE%D1%80%D0%B0%D0%B1%D0%BE%D1%87%D0%B8%D0%B9,https://hh.ru
98,Разнорабочий/мастер мелкого ремонта,40500,,руб,https://hh.ru/vacancy/54413936?query=%D1%80%D0%B0%D0%B7%D0%BD%D0%BE%D1%80%D0%B0%D0%B1%D0%BE%D1%87%D0%B8%D0%B9,https://hh.ru
99,Стропальщик/Монтажник/Газорезчик/Разнорабочий,,,,https://hh.ru/vacancy/54413936?query=%D1%80%D0%B0%D0%B7%D0%BD%D0%BE%D1%80%D0%B0%D0%B1%D0%BE%D1%87%D0%B8%D0%B9,https://hh.ru
100,Слесарь-универсал (разнорабочий),50000,,руб,https://hh.ru/vacancy/54413936?query=%D1%80%D0%B0%D0%B7%D0%BD%D0%BE%D1%80%D0%B0%D0%B1%D0%BE%D1%87%D0%B8%D0%B9,https://hh.ru
101,Разнорабочий,50000,,руб,https://hh.ru/vacancy/54413936?query=%D1%80%D0%B0%D0%B7%D0%BD%D0%BE%D1%80%D0%B0%D0%B1%D0%BE%D1%87%D0%B8%D0%B9,https://hh.ru
102,Грузчик/Разнорабочий,,80000,руб,https://hh.ru/vacancy/54413936?query=%D1%80%D0%B0%D0%B7%D0%BD%D0%BE%D1%80%D0%B0%D0%B1%D0%BE%D1%87%D0%B8%D0%B9,https://hh.ru
103,Подсобный рабочий,,,,https://hh.ru/vacancy/54413936?query=%D1%80%D0%B0%D0%B7%D0%BD%D0%BE%D1%80%D0%B0%D0%B1%D0%BE%D1%87%D0%B8%D0%B9,https://hh.ru
104,Разнорабочий,,50000,руб,https://hh.ru/vacancy/54413936?query=%D1%80%D0%B0%D0%B7%D0%BD%D0%BE%D1%80%D0%B0%D0%B1%D0%BE%D1%87%D0%B8%D0%B9,https://hh.ru
105,Грузчик / Разнорабочий,,40000,руб,https://hh.ru/vacancy/54413936?query=%D1%80%D0%B0%D0%B7%D0%BD%D0%BE%D1%80%D0%B0%D0%B1%D0%BE%D1%87%D0%B8%D0%B9,https://hh.ru
106,Бригада разнорабочих,50000,,руб,https://hh.ru/vacancy/54413936?query=%D1%80%D0%B0%D0%B7%D0%BD%D0%BE%D1%80%D0%B0%D0%B1%D0%BE%D1%87%D0%B8%D0%B9,https://hh.ru
107,Разнорабочий на склад одежды,,100000,руб,https://hh.ru/vacancy/54413936?query=%D1%80%D0%B0%D0%B7%D0%BD%D0%BE%D1%80%D0%B0%D0%B1%D0%BE%D1%87%D0%B8%D0%B9,https://hh.ru
108,Разнорабочий на производство колбасы,,100000,руб,https://hh.ru/vacancy/54413936?query=%D1%80%D0%B0%D0%B7%D0%BD%D0%BE%D1%80%D0%B0%D0%B1%D0%BE%D1%87%D0%B8%D0%B9,https://hh.ru
109,Грузчик-разнорабочий,44000,,руб,https://hh.ru/vacancy/54413936?query=%D1%80%D0%B0%D0%B7%D0%BD%D0%BE%D1%80%D0%B0%D0%B1%D0%BE%D1%87%D0%B8%D0%B9,https://hh.ru
110,Комплектовщик/комплектовщица на склад канцелярских товаров,72000,,руб,https://hh.ru/vacancy/54413936?query=%D1%80%D0%B0%D0%B7%D0%BD%D0%BE%D1%80%D0%B0%D0%B1%D0%BE%D1%87%D0%B8%D0%B9,https://hh.ru
111,Разнорабочий на склад продуктов,,100000,руб,https://hh.ru/vacancy/54413936?query=%D1%80%D0%B0%D0%B7%D0%BD%D0%BE%D1%80%D0%B0%D0%B1%D0%BE%D1%87%D0%B8%D0%B9,https://hh.ru
112,Разнорабочий,70000,,руб,https://hh.ru/vacancy/54413936?query=%D1%80%D0%B0%D0%B7%D0%BD%D0%BE%D1%80%D0%B0%D0%B1%D0%BE%D1%87%D0%B8%D0%B9,https://hh.ru
113,Хаусмастер / Разнорабочий в офис,,42000,руб,https://hh.ru/vacancy/54413936?query=%D1%80%D0%B0%D0%B7%D0%BD%D0%BE%D1%80%D0%B0%D0%B1%D0%BE%D1%87%D0%B8%D0%B9,https://hh.ru
114,Грузчик/Разнорабочий,,80000,руб,https://hh.ru/vacancy/54413936?query=%D1%80%D0%B0%D0%B7%D0%BD%D0%BE%D1%80%D0%B0%D0%B1%D0%BE%D1%87%D0%B8%D0%B9,https://hh.ru
115,Комплектовщик на склад мягких игрушек,72000,,руб,https://hh.ru/vacancy/54413936?query=%D1%80%D0%B0%D0%B7%D0%BD%D0%BE%D1%80%D0%B0%D0%B1%D0%BE%D1%87%D0%B8%D0%B9,https://hh.ru
116,Разнорабочий,,48000,руб,https://hh.ru/vacancy/54413936?query=%D1%80%D0%B0%D0%B7%D0%BD%D0%BE%D1%80%D0%B0%D0%B1%D0%BE%D1%87%D0%B8%D0%B9,https://hh.ru
117,Разнорабочий,,37000,руб,https://hh.ru/vacancy/54413936?query=%D1%80%D0%B0%D0%B7%D0%BD%D0%BE%D1%80%D0%B0%D0%B1%D0%BE%D1%87%D0%B8%D0%B9,https://hh.ru
118,Грузчик-упаковщик (сборщик интернет-заказов),,95000,руб,https://hh.ru/vacancy/54413936?query=%D1%80%D0%B0%D0%B7%D0%BD%D0%BE%D1%80%D0%B0%D0%B1%D0%BE%D1%87%D0%B8%D0%B9,https://hh.ru
119,Разнорабочий на автозавод,,81000,руб,https://hh.ru/vacancy/54413936?query=%D1%80%D0%B0%D0%B7%D0%BD%D0%BE%D1%80%D0%B0%D0%B1%D0%BE%D1%87%D0%B8%D0%B9,https://hh.ru
120,Разнорабочий по зачистке,,,,https://hh.ru/vacancy/54413936?query=%D1%80%D0%B0%D0%B7%D0%BD%D0%BE%D1%80%D0%B0%D0%B1%D0%BE%D1%87%D0%B8%D0%B9,https://hh.ru
121,Грузчик-разнорабочий,40000,,руб,https://hh.ru/vacancy/54413936?query=%D1%80%D0%B0%D0%B7%D0%BD%D0%BE%D1%80%D0%B0%D0%B1%D0%BE%D1%87%D0%B8%D0%B9,https://hh.ru
122,Подсобный рабочий/разнорабочий,,36500,руб,https://hh.ru/vacancy/54413936?query=%D1%80%D0%B0%D0%B7%D0%BD%D0%BE%D1%80%D0%B0%D0%B1%D0%BE%D1%87%D0%B8%D0%B9,https://hh.ru
123,Грузчик - разнорабочий на производство сигарет,,87000,руб,https://hh.ru/vacancy/54413936?query=%D1%80%D0%B0%D0%B7%D0%BD%D0%BE%D1%80%D0%B0%D0%B1%D0%BE%D1%87%D0%B8%D0%B9,https://hh.ru
124,Подсобный рабочий,,66000,руб,https://hh.ru/vacancy/54413936?query=%D1%80%D0%B0%D0%B7%D0%BD%D0%BE%D1%80%D0%B0%D0%B1%D0%BE%D1%87%D0%B8%D0%B9,https://hh.ru
125,Разнорабочий на птицефабрику,,100000,руб,https://hh.ru/vacancy/54413936?query=%D1%80%D0%B0%D0%B7%D0%BD%D0%BE%D1%80%D0%B0%D0%B1%D0%BE%D1%87%D0%B8%D0%B9,https://hh.ru
126,Разнорабочий/ подсобный рабочий в АХО,,,,https://hh.ru/vacancy/54413936?query=%D1%80%D0%B0%D0%B7%D0%BD%D0%BE%D1%80%D0%B0%D0%B1%D0%BE%D1%87%D0%B8%D0%B9,https://hh.ru
127,Разнорабочий/Грузчик на склад детских товаров,,80500,руб,https://hh.ru/vacancy/54413936?query=%D1%80%D0%B0%D0%B7%D0%BD%D0%BE%D1%80%D0%B0%D0%B1%D0%BE%D1%87%D0%B8%D0%B9,https://hh.ru
128,Подсобный рабочий,55000,,руб,https://hh.ru/vacancy/54413936?query=%D1%80%D0%B0%D0%B7%D0%BD%D0%BE%D1%80%D0%B0%D0%B1%D0%BE%D1%87%D0%B8%D0%B9,https://hh.ru
129,Упаковщик/упаковщица на производство мягких игрушек,,82600,руб,https://hh.ru/vacancy/54413936?query=%D1%80%D0%B0%D0%B7%D0%BD%D0%BE%D1%80%D0%B0%D0%B1%D0%BE%D1%87%D0%B8%D0%B9,https://hh.ru
130,Разнорабочий на производство пельменей,,100000,руб,https://hh.ru/vacancy/54413936?query=%D1%80%D0%B0%D0%B7%D0%BD%D0%BE%D1%80%D0%B0%D0%B1%D0%BE%D1%87%D0%B8%D0%B9,https://hh.ru
131,Грузчик/разнорабочий,,60000,руб,https://hh.ru/vacancy/54413936?query=%D1%80%D0%B0%D0%B7%D0%BD%D0%BE%D1%80%D0%B0%D0%B1%D0%BE%D1%87%D0%B8%D0%B9,https://hh.ru
132,Разнорабочий на производство полуфабрикатов,,100000,руб,https://hh.ru/vacancy/54413936?query=%D1%80%D0%B0%D0%B7%D0%BD%D0%BE%D1%80%D0%B0%D0%B1%D0%BE%D1%87%D0%B8%D0%B9,https://hh.ru
133,Дворник-разнорабочий,35000,,руб,https://hh.ru/vacancy/54413936?query=%D1%80%D0%B0%D0%B7%D0%BD%D0%BE%D1%80%D0%B0%D0%B1%D0%BE%D1%87%D0%B8%D0%B9,https://hh.ru
134,Подсобный рабочий,,42950,руб,https://hh.ru/vacancy/54413936?query=%D1%80%D0%B0%D0%B7%D0%BD%D0%BE%D1%80%D0%B0%D0%B1%D0%BE%D1%87%D0%B8%D0%B9,https://hh.ru
135,Упаковщик - разнорабочий,45000,,руб,https://hh.ru/vacancy/54413936?query=%D1%80%D0%B0%D0%B7%D0%BD%D0%BE%D1%80%D0%B0%D0%B1%D0%BE%D1%87%D0%B8%D0%B9,https://hh.ru
136,Разнорабочий,,35000,руб,https://hh.ru/vacancy/54413936?query=%D1%80%D0%B0%D0%B7%D0%BD%D0%BE%D1%80%D0%B0%D0%B1%D0%BE%D1%87%D0%B8%D0%B9,https://hh.ru
137,Разнорабочий,70000,,руб,https://hh.ru/vacancy/54413936?query=%D1%80%D0%B0%D0%B7%D0%BD%D0%BE%D1%80%D0%B0%D0%B1%D0%BE%D1%87%D0%B8%D0%B9,https://hh.ru
138,Разнорабочий/Упаковщик на склад одежды и обуви,,85400,руб,https://hh.ru/vacancy/54413936?query=%D1%80%D0%B0%D0%B7%D0%BD%D0%BE%D1%80%D0%B0%D0%B1%D0%BE%D1%87%D0%B8%D0%B9,https://hh.ru
139,Подсобный рабочий,70000,,руб,https://hh.ru/vacancy/54413936?query=%D1%80%D0%B0%D0%B7%D0%BD%D0%BE%D1%80%D0%B0%D0%B1%D0%BE%D1%87%D0%B8%D0%B9,https://hh.ru
140,Разнорабочий/грузчик/отливщик,60000,,руб,https://hh.ru/vacancy/54413936?query=%D1%80%D0%B0%D0%B7%D0%BD%D0%BE%D1%80%D0%B0%D0%B1%D0%BE%D1%87%D0%B8%D0%B9,https://hh.ru
141,Разнорабочий / дворник,,43600,руб,https://hh.ru/vacancy/54413936?query=%D1%80%D0%B0%D0%B7%D0%BD%D0%BE%D1%80%D0%B0%D0%B1%D0%BE%D1%87%D0%B8%D0%B9,https://hh.ru
142,Грузчик на склад одежды,72000,,руб,https://hh.ru/vacancy/54413936?query=%D1%80%D0%B0%D0%B7%D0%BD%D0%BE%D1%80%D0%B0%D0%B1%D0%BE%D1%87%D0%B8%D0%B9,https://hh.ru
143,Подсобный рабочий,,60000,руб,https://hh.ru/vacancy/54413936?query=%D1%80%D0%B0%D0%B7%D0%BD%D0%BE%D1%80%D0%B0%D0%B1%D0%BE%D1%87%D0%B8%D0%B9,https://hh.ru
144,Рабочий на стройку,74000,,руб,https://hh.ru/vacancy/54413936?query=%D1%80%D0%B0%D0%B7%D0%BD%D0%BE%D1%80%D0%B0%D0%B1%D0%BE%D1%87%D0%B8%D0%B9,https://hh.ru
145,Разнорабочий,,,,https://hh.ru/vacancy/54413936?query=%D1%80%D0%B0%D0%B7%D0%BD%D0%BE%D1%80%D0%B0%D0%B1%D0%BE%D1%87%D0%B8%D0%B9,https://hh.ru
146,Разнорабочий,,45000,руб,https://hh.ru/vacancy/54413936?query=%D1%80%D0%B0%D0%B7%D0%BD%D0%BE%D1%80%D0%B0%D0%B1%D0%BE%D1%87%D0%B8%D0%B9,https://hh.ru
147,Разнорабочий,40000,,руб,https://hh.ru/vacancy/54413936?query=%D1%80%D0%B0%D0%B7%D0%BD%D0%BE%D1%80%D0%B0%D0%B1%D0%BE%D1%87%D0%B8%D0%B9,https://hh.ru
148,Подсобный рабочий,42000,,руб,https://hh.ru/vacancy/54413936?query=%D1%80%D0%B0%D0%B7%D0%BD%D0%BE%D1%80%D0%B0%D0%B1%D0%BE%D1%87%D0%B8%D0%B9,https://hh.ru
149,Подсобный рабочий,65000,,руб,https://hh.ru/vacancy/54413936?query=%D1%80%D0%B0%D0%B7%D0%BD%D0%BE%D1%80%D0%B0%D0%B1%D0%BE%D1%87%D0%B8%D0%B9,https://hh.ru
150,Комплектовщик (упаковщик),,120000,руб,https://hh.ru/vacancy/54413936?query=%D1%80%D0%B0%D0%B7%D0%BD%D0%BE%D1%80%D0%B0%D0%B1%D0%BE%D1%87%D0%B8%D0%B9,https://hh.ru
151,Разнорабочий,,60000,руб,https://hh.ru/vacancy/54413936?query=%D1%80%D0%B0%D0%B7%D0%BD%D0%BE%D1%80%D0%B0%D0%B1%D0%BE%D1%87%D0%B8%D0%B9,https://hh.ru
152,Грузчик на склад медицинских масок,60000,,руб,https://hh.ru/vacancy/54413936?query=%D1%80%D0%B0%D0%B7%D0%BD%D0%BE%D1%80%D0%B0%D0%B1%D0%BE%D1%87%D0%B8%D0%B9,https://hh.ru
153,Подсобный рабочий,65000,,руб,https://hh.ru/vacancy/54413936?query=%D1%80%D0%B0%D0%B7%D0%BD%D0%BE%D1%80%D0%B0%D0%B1%D0%BE%D1%87%D0%B8%D0%B9,https://hh.ru
154,Разнорабочий,79860,,руб,https://hh.ru/vacancy/54413936?query=%D1%80%D0%B0%D0%B7%D0%BD%D0%BE%D1%80%D0%B0%D0%B1%D0%BE%D1%87%D0%B8%D0%B9,https://hh.ru
155,Грузчик/ Разнорабочий,,80000,руб,https://hh.ru/vacancy/54413936?query=%D1%80%D0%B0%D0%B7%D0%BD%D0%BE%D1%80%D0%B0%D0%B1%D0%BE%D1%87%D0%B8%D0%B9,https://hh.ru
156,Разнорабочий / Грузчик,40000,,руб,https://hh.ru/vacancy/54413936?query=%D1%80%D0%B0%D0%B7%D0%BD%D0%BE%D1%80%D0%B0%D0%B1%D0%BE%D1%87%D0%B8%D0%B9,https://hh.ru
157,Разнорабочий,,,,https://hh.ru/vacancy/54413936?query=%D1%80%D0%B0%D0%B7%D0%BD%D0%BE%D1%80%D0%B0%D0%B1%D0%BE%D1%87%D0%B8%D0%B9,https://hh.ru
158,Разнорабочий,,80000,руб,https://hh.ru/vacancy/54413936?query=%D1%80%D0%B0%D0%B7%D0%BD%D0%BE%D1%80%D0%B0%D0%B1%D0%BE%D1%87%D0%B8%D0%B9,https://hh.ru
159,Разнорабочий,70000,,руб,https://hh.ru/vacancy/54413936?query=%D1%80%D0%B0%D0%B7%D0%BD%D0%BE%D1%80%D0%B0%D0%B1%D0%BE%D1%87%D0%B8%D0%B9,https://hh.ru
160,Разнорабочий,,42000,руб,https://hh.ru/vacancy/54413936?query=%D1%80%D0%B0%D0%B7%D0%BD%D0%BE%D1%80%D0%B0%D0%B1%D0%BE%D1%87%D0%B8%D0%B9,https://hh.ru
161,Разнорабочий,,40000,руб,https://hh.ru/vacancy/54413936?query=%D1%80%D0%B0%D0%B7%D0%BD%D0%BE%D1%80%D0%B0%D0%B1%D0%BE%D1%87%D0%B8%D0%B9,https://hh.ru
162,Грузчик на склад (разнорабочий),,65000,руб,https://hh.ru/vacancy/54413936?query=%D1%80%D0%B0%D0%B7%D0%BD%D0%BE%D1%80%D0%B0%D0%B1%D0%BE%D1%87%D0%B8%D0%B9,https://hh.ru
163,Разнорабочий,,80000,руб,https://hh.ru/vacancy/54413936?query=%D1%80%D0%B0%D0%B7%D0%BD%D0%BE%D1%80%D0%B0%D0%B1%D0%BE%D1%87%D0%B8%D0%B9,https://hh.ru
164,Разнорабочий,,40000,руб,https://hh.ru/vacancy/54413936?query=%D1%80%D0%B0%D0%B7%D0%BD%D0%BE%D1%80%D0%B0%D0%B1%D0%BE%D1%87%D0%B8%D0%B9,https://hh.ru
165,Разнорабочий/подсобный рабочий,,45000,руб,https://hh.ru/vacancy/54413936?query=%D1%80%D0%B0%D0%B7%D0%BD%D0%BE%D1%80%D0%B0%D0%B1%D0%BE%D1%87%D0%B8%D0%B9,https://hh.ru
166,Разнорабочий на производство,68000,,руб,https://hh.ru/vacancy/54413936?query=%D1%80%D0%B0%D0%B7%D0%BD%D0%BE%D1%80%D0%B0%D0%B1%D0%BE%D1%87%D0%B8%D0%B9,https://hh.ru
167,Разнорабочий,120000,,руб,https://hh.ru/vacancy/54413936?query=%D1%80%D0%B0%D0%B7%D0%BD%D0%BE%D1%80%D0%B0%D0%B1%D0%BE%D1%87%D0%B8%D0%B9,https://hh.ru
168,Разнорабочий,,,,https://hh.ru/vacancy/54413936?query=%D1%80%D0%B0%D0%B7%D0%BD%D0%BE%D1%80%D0%B0%D0%B1%D0%BE%D1%87%D0%B8%D0%B9,https://hh.ru
169,Разнорабочий по ремонту и обслуживанию здания,,40000,руб,https://hh.ru/vacancy/54413936?query=%D1%80%D0%B0%D0%B7%D0%BD%D0%BE%D1%80%D0%B0%D0%B1%D0%BE%D1%87%D0%B8%D0%B9,https://hh.ru
170,Разнорабочий,,50000,руб,https://hh.ru/vacancy/54413936?query=%D1%80%D0%B0%D0%B7%D0%BD%D0%BE%D1%80%D0%B0%D0%B1%D0%BE%D1%87%D0%B8%D0%B9,https://hh.ru
171,Разнорабочий в Столярную Мастерскую,,35000,руб,https://hh.ru/vacancy/54413936?query=%D1%80%D0%B0%D0%B7%D0%BD%D0%BE%D1%80%D0%B0%D0%B1%D0%BE%D1%87%D0%B8%D0%B9,https://hh.ru
172,Стропальщик/ Разнорабочий,80700,,руб,https://hh.ru/vacancy/54413936?query=%D1%80%D0%B0%D0%B7%D0%BD%D0%BE%D1%80%D0%B0%D0%B1%D0%BE%D1%87%D0%B8%D0%B9,https://hh.ru
173,Разнорабочий,,80000,руб,https://hh.ru/vacancy/54413936?query=%D1%80%D0%B0%D0%B7%D0%BD%D0%BE%D1%80%D0%B0%D0%B1%D0%BE%D1%87%D0%B8%D0%B9,https://hh.ru
174,Разнорабочий,,78000,руб,https://hh.ru/vacancy/54413936?query=%D1%80%D0%B0%D0%B7%D0%BD%D0%BE%D1%80%D0%B0%D0%B1%D0%BE%D1%87%D0%B8%D0%B9,https://hh.ru
175,Подсобный рабочий,49200,,руб,https://hh.ru/vacancy/54413936?query=%D1%80%D0%B0%D0%B7%D0%BD%D0%BE%D1%80%D0%B0%D0%B1%D0%BE%D1%87%D0%B8%D0%B9,https://hh.ru
176,Разнорабочий,30000,,руб,https://hh.ru/vacancy/54413936?query=%D1%80%D0%B0%D0%B7%D0%BD%D0%BE%D1%80%D0%B0%D0%B1%D0%BE%D1%87%D0%B8%D0%B9,https://hh.ru
177,Упаковщик/разнорабочий на современный склад,,87500,руб,https://hh.ru/vacancy/54413936?query=%D1%80%D0%B0%D0%B7%D0%BD%D0%BE%D1%80%D0%B0%D0%B1%D0%BE%D1%87%D0%B8%D0%B9,https://hh.ru
178,Разнорабочий на товарный склад,,72500,руб,https://hh.ru/vacancy/54413936?query=%D1%80%D0%B0%D0%B7%D0%BD%D0%BE%D1%80%D0%B0%D0%B1%D0%BE%D1%87%D0%B8%D0%B9,https://hh.ru
179,Разнорабочий (Комплектовщик / Сборщик заказов) в магазин строительных материалов,,75000,руб,https://hh.ru/vacancy/54413936?query=%D1%80%D0%B0%D0%B7%D0%BD%D0%BE%D1%80%D0%B0%D0%B1%D0%BE%D1%87%D0%B8%D0%B9,https://hh.ru
180,Подсобный рабочий/плотник,,27000,руб,https://hh.ru/vacancy/54413936?query=%D1%80%D0%B0%D0%B7%D0%BD%D0%BE%D1%80%D0%B0%D0%B1%D0%BE%D1%87%D0%B8%D0%B9,https://hh.ru
181,Разнорабочий на пищевое производство,,82600,руб,https://hh.ru/vacancy/54413936?query=%D1%80%D0%B0%D0%B7%D0%BD%D0%BE%D1%80%D0%B0%D0%B1%D0%BE%D1%87%D0%B8%D0%B9,https://hh.ru
182,Подсобный рабочий (5/2),40000,,руб,https://hh.ru/vacancy/54413936?query=%D1%80%D0%B0%D0%B7%D0%BD%D0%BE%D1%80%D0%B0%D0%B1%D0%BE%D1%87%D0%B8%D0%B9,https://hh.ru
183,Разнорабочий,,30000,руб,https://hh.ru/vacancy/54413936?query=%D1%80%D0%B0%D0%B7%D0%BD%D0%BE%D1%80%D0%B0%D0%B1%D0%BE%D1%87%D0%B8%D0%B9,https://hh.ru
184,Разнорабочий,,45000,руб,https://hh.ru/vacancy/54413936?query=%D1%80%D0%B0%D0%B7%D0%BD%D0%BE%D1%80%D0%B0%D0%B1%D0%BE%D1%87%D0%B8%D0%B9,https://hh.ru
185,Грузчик,,66000,руб,https://hh.ru/vacancy/54413936?query=%D1%80%D0%B0%D0%B7%D0%BD%D0%BE%D1%80%D0%B0%D0%B1%D0%BE%D1%87%D0%B8%D0%B9,https://hh.ru
186,Разнорабочий,45000,,руб,https://hh.ru/vacancy/54413936?query=%D1%80%D0%B0%D0%B7%D0%BD%D0%BE%D1%80%D0%B0%D0%B1%D0%BE%D1%87%D0%B8%D0%B9,https://hh.ru
187,Разнорабочий,,35000,руб,https://hh.ru/vacancy/54413936?query=%D1%80%D0%B0%D0%B7%D0%BD%D0%BE%D1%80%D0%B0%D0%B1%D0%BE%D1%87%D0%B8%D0%B9,https://hh.ru
188,Упаковщик/Упаковщица на современный склад,,88000,руб,https://hh.ru/vacancy/54413936?query=%D1%80%D0%B0%D0%B7%D0%BD%D0%BE%D1%80%D0%B0%D0%B1%D0%BE%D1%87%D0%B8%D0%B9,https://hh.ru
189,Разнорабочий на кондитерское производство,,47800,руб,https://hh.ru/vacancy/54413936?query=%D1%80%D0%B0%D0%B7%D0%BD%D0%BE%D1%80%D0%B0%D0%B1%D0%BE%D1%87%D0%B8%D0%B9,https://hh.ru
190,Упаковщик/ца готовой продукции на склад,,82600,руб,https://hh.ru/vacancy/54413936?query=%D1%80%D0%B0%D0%B7%D0%BD%D0%BE%D1%80%D0%B0%D0%B1%D0%BE%D1%87%D0%B8%D0%B9,https://hh.ru
191,Разнорабочий/Грузчик,,80500,руб,https://hh.ru/vacancy/54413936?query=%D1%80%D0%B0%D0%B7%D0%BD%D0%BE%D1%80%D0%B0%D0%B1%D0%BE%D1%87%D0%B8%D0%B9,https://hh.ru
192,Подсобный рабочий,40000,,руб,https://hh.ru/vacancy/54413936?query=%D1%80%D0%B0%D0%B7%D0%BD%D0%BE%D1%80%D0%B0%D0%B1%D0%BE%D1%87%D0%B8%D0%B9,https://hh.ru
193,Разнорабочий,,80000,руб,https://hh.ru/vacancy/54413936?query=%D1%80%D0%B0%D0%B7%D0%BD%D0%BE%D1%80%D0%B0%D0%B1%D0%BE%D1%87%D0%B8%D0%B9,https://hh.ru
194,Разнорабочий,,80000,руб,https://hh.ru/vacancy/54413936?query=%D1%80%D0%B0%D0%B7%D0%BD%D0%BE%D1%80%D0%B0%D0%B1%D0%BE%D1%87%D0%B8%D0%B9,https://hh.ru
195,Разнорабочий грузчик на склад класса А,,78000,руб,https://hh.ru/vacancy/54413936?query=%D1%80%D0%B0%D0%B7%D0%BD%D0%BE%D1%80%D0%B0%D0%B1%D0%BE%D1%87%D0%B8%D0%B9,https://hh.ru
196,Разнорабочий на строительный участок,,60000,руб,https://hh.ru/vacancy/54413936?query=%D1%80%D0%B0%D0%B7%D0%BD%D0%BE%D1%80%D0%B0%D0%B1%D0%BE%D1%87%D0%B8%D0%B9,https://hh.ru
197,Грузчик/разнорабочий,,80000,руб,https://hh.ru/vacancy/54413936?query=%D1%80%D0%B0%D0%B7%D0%BD%D0%BE%D1%80%D0%B0%D0%B1%D0%BE%D1%87%D0%B8%D0%B9,https://hh.ru
198,Разнорабочий на склад,30000,,руб,https://hh.ru/vacancy/54413936?query=%D1%80%D0%B0%D0%B7%D0%BD%D0%BE%D1%80%D0%B0%D0%B1%D0%BE%D1%87%D0%B8%D0%B9,https://hh.ru
199,Разнорабочий,,35000,руб,https://hh.ru/vacancy/54413936?query=%D1%80%D0%B0%D0%B7%D0%BD%D0%BE%D1%80%D0%B0%D0%B1%D0%BE%D1%87%D0%B8%D0%B9,https://hh.ru
200,Комплектовщик на склад,,70000,руб,https://hh.ru/vacancy/54413936?query=%D1%80%D0%B0%D0%B7%D0%BD%D0%BE%D1%80%D0%B0%D0%B1%D0%BE%D1%87%D0%B8%D0%B9,https://hh.ru
201,Комплектовщик/комплектовщица на склад,,97000,руб,https://hh.ru/vacancy/54413936?query=%D1%80%D0%B0%D0%B7%D0%BD%D0%BE%D1%80%D0%B0%D0%B1%D0%BE%D1%87%D0%B8%D0%B9,https://hh.ru
202,Комплектовщик на склад OZON,,75000,руб,https://hh.ru/vacancy/54413936?query=%D1%80%D0%B0%D0%B7%D0%BD%D0%BE%D1%80%D0%B0%D0%B1%D0%BE%D1%87%D0%B8%D0%B9,https://hh.ru
203,Подсобный рабочий/Электрик,65000,,руб,https://hh.ru/vacancy/54413936?query=%D1%80%D0%B0%D0%B7%D0%BD%D0%BE%D1%80%D0%B0%D0%B1%D0%BE%D1%87%D0%B8%D0%B9,https://hh.ru
204,Комплектовщик-работник склада,,70000,руб,https://hh.ru/vacancy/54413936?query=%D1%80%D0%B0%D0%B7%D0%BD%D0%BE%D1%80%D0%B0%D0%B1%D0%BE%D1%87%D0%B8%D0%B9,https://hh.ru
205,Комплектовщик,,66000,руб,https://hh.ru/vacancy/54413936?query=%D1%80%D0%B0%D0%B7%D0%BD%D0%BE%D1%80%D0%B0%D0%B1%D0%BE%D1%87%D0%B8%D0%B9,https://hh.ru
206,Инженер по вскрытию замков / разнорабочий,,120000,руб,https://hh.ru/vacancy/54413936?query=%D1%80%D0%B0%D0%B7%D0%BD%D0%BE%D1%80%D0%B0%D0%B1%D0%BE%D1%87%D0%B8%D0%B9,https://hh.ru
207,Упаковщик-укладчик на склад фисташек,60000,,руб,https://hh.ru/vacancy/54413936?query=%D1%80%D0%B0%D0%B7%D0%BD%D0%BE%D1%80%D0%B0%D0%B1%D0%BE%D1%87%D0%B8%D0%B9,https://hh.ru
208,Подсобный рабочий в магазин,53000,,руб,https://hh.ru/vacancy/54413936?query=%D1%80%D0%B0%D0%B7%D0%BD%D0%BE%D1%80%D0%B0%D0%B1%D0%BE%D1%87%D0%B8%D0%B9,https://hh.ru
209,Разнорабочий,,50000,руб,https://hh.ru/vacancy/54413936?query=%D1%80%D0%B0%D0%B7%D0%BD%D0%BE%D1%80%D0%B0%D0%B1%D0%BE%D1%87%D0%B8%D0%B9,https://hh.ru
210,Разнорабочий в типографию,65000,,руб,https://hh.ru/vacancy/54413936?query=%D1%80%D0%B0%D0%B7%D0%BD%D0%BE%D1%80%D0%B0%D0%B1%D0%BE%D1%87%D0%B8%D0%B9,https://hh.ru
211,Грузчик-разнорабочий в типографию,,38000,руб,https://hh.ru/vacancy/54413936?query=%D1%80%D0%B0%D0%B7%D0%BD%D0%BE%D1%80%D0%B0%D0%B1%D0%BE%D1%87%D0%B8%D0%B9,https://hh.ru
212,Разнорабочий,,63000,руб,https://hh.ru/vacancy/54413936?query=%D1%80%D0%B0%D0%B7%D0%BD%D0%BE%D1%80%D0%B0%D0%B1%D0%BE%D1%87%D0%B8%D0%B9,https://hh.ru
213,Комплектовщик,,54450,руб,https://hh.ru/vacancy/54413936?query=%D1%80%D0%B0%D0%B7%D0%BD%D0%BE%D1%80%D0%B0%D0%B1%D0%BE%D1%87%D0%B8%D0%B9,https://hh.ru
214,Подсобный рабочий,46000,,руб,https://hh.ru/vacancy/54413936?query=%D1%80%D0%B0%D0%B7%D0%BD%D0%BE%D1%80%D0%B0%D0%B1%D0%BE%D1%87%D0%B8%D0%B9,https://hh.ru
215,Грузчик / подсобный рабочий,50000,,руб,https://hh.ru/vacancy/54413936?query=%D1%80%D0%B0%D0%B7%D0%BD%D0%BE%D1%80%D0%B0%D0%B1%D0%BE%D1%87%D0%B8%D0%B9,https://hh.ru
216,Подсобный рабочий,,31200,руб,https://hh.ru/vacancy/54413936?query=%D1%80%D0%B0%D0%B7%D0%BD%D0%BE%D1%80%D0%B0%D0%B1%D0%BE%D1%87%D0%B8%D0%B9,https://hh.ru
217,Грузчик-комплектовщик / Разнорабочий,50000,,руб,https://hh.ru/vacancy/54413936?query=%D1%80%D0%B0%D0%B7%D0%BD%D0%BE%D1%80%D0%B0%D0%B1%D0%BE%D1%87%D0%B8%D0%B9,https://hh.ru
218,Подсобный рабочий на склад,,38000,руб,https://hh.ru/vacancy/54413936?query=%D1%80%D0%B0%D0%B7%D0%BD%D0%BE%D1%80%D0%B0%D0%B1%D0%BE%D1%87%D0%B8%D0%B9,https://hh.ru
219,Комплектовщик,,,,https://hh.ru/vacancy/54413936?query=%D1%80%D0%B0%D0%B7%D0%BD%D0%BE%D1%80%D0%B0%D0%B1%D0%BE%D1%87%D0%B8%D0%B9,https://hh.ru
220,Кладовщик / Подсобный рабочий на склад,45000,,руб,https://hh.ru/vacancy/54413936?query=%D1%80%D0%B0%D0%B7%D0%BD%D0%BE%D1%80%D0%B0%D0%B1%D0%BE%D1%87%D0%B8%D0%B9,https://hh.ru
221,Механик разнорабочий,90000,,руб,https://hh.ru/vacancy/54413936?query=%D1%80%D0%B0%D0%B7%D0%BD%D0%BE%D1%80%D0%B0%D0%B1%D0%BE%D1%87%D0%B8%D0%B9,https://hh.ru
222,Разнорабочий общестроительных работ (АХО),,,,https://hh.ru/vacancy/54413936?query=%D1%80%D0%B0%D0%B7%D0%BD%D0%BE%D1%80%D0%B0%D0%B1%D0%BE%D1%87%D0%B8%D0%B9,https://hh.ru
223,Подсобный рабочий в службу эксплуатации и ремонта,,40000,руб,https://hh.ru/vacancy/54413936?query=%D1%80%D0%B0%D0%B7%D0%BD%D0%BE%D1%80%D0%B0%D0%B1%D0%BE%D1%87%D0%B8%D0%B9,https://hh.ru
224,Кладовщик,,70000,руб,https://hh.ru/vacancy/54413936?query=%D1%80%D0%B0%D0%B7%D0%BD%D0%BE%D1%80%D0%B0%D0%B1%D0%BE%D1%87%D0%B8%D0%B9,https://hh.ru
225,Грузчик-комплектовщик,,55000,руб,https://hh.ru/vacancy/54413936?query=%D1%80%D0%B0%D0%B7%D0%BD%D0%BE%D1%80%D0%B0%D0%B1%D0%BE%D1%87%D0%B8%D0%B9,https://hh.ru
226,Кладовщик-комплектовщик,,80000,руб,https://hh.ru/vacancy/54413936?query=%D1%80%D0%B0%D0%B7%D0%BD%D0%BE%D1%80%D0%B0%D0%B1%D0%BE%D1%87%D0%B8%D0%B9,https://hh.ru
227,"Разнорабочий, сотрудник салона межкомнатных дверей",,40000,руб,https://hh.ru/vacancy/54413936?query=%D1%80%D0%B0%D0%B7%D0%BD%D0%BE%D1%80%D0%B0%D0%B1%D0%BE%D1%87%D0%B8%D0%B9,https://hh.ru
228,Монтажник НВК,,130000,руб,https://hh.ru/vacancy/54413936?query=%D1%80%D0%B0%D0%B7%D0%BD%D0%BE%D1%80%D0%B0%D0%B1%D0%BE%D1%87%D0%B8%D0%B9,https://hh.ru
229,Рабочий по комплексному обслуживанию зданий,,38000,руб,https://hh.ru/vacancy/54413936?query=%D1%80%D0%B0%D0%B7%D0%BD%D0%BE%D1%80%D0%B0%D0%B1%D0%BE%D1%87%D0%B8%D0%B9,https://hh.ru
230,Упаковщик на кондитерскую фабрику,,51150,руб,https://hh.ru/vacancy/54413936?query=%D1%80%D0%B0%D0%B7%D0%BD%D0%BE%D1%80%D0%B0%D0%B1%D0%BE%D1%87%D0%B8%D0%B9,https://hh.ru
231,Хаусмастер / Специалист по комплексному обслуживанию зданий,45000,,руб,https://hh.ru/vacancy/54413936?query=%D1%80%D0%B0%D0%B7%D0%BD%D0%BE%D1%80%D0%B0%D0%B1%D0%BE%D1%87%D0%B8%D0%B9,https://hh.ru
232,Подсобный рабочий/ уборщик в фитнес клуб,37000,,руб,https://hh.ru/vacancy/54413936?query=%D1%80%D0%B0%D0%B7%D0%BD%D0%BE%D1%80%D0%B0%D0%B1%D0%BE%D1%87%D0%B8%D0%B9,https://hh.ru
233,Сборщик заказов на склад интернет магазина,,90000,руб,https://hh.ru/vacancy/54413936?query=%D1%80%D0%B0%D0%B7%D0%BD%D0%BE%D1%80%D0%B0%D0%B1%D0%BE%D1%87%D0%B8%D0%B9,https://hh.ru
234,Кладовщик-комплектовщик (м.Аннино),,71000,руб,https://hh.ru/vacancy/54413936?query=%D1%80%D0%B0%D0%B7%D0%BD%D0%BE%D1%80%D0%B0%D0%B1%D0%BE%D1%87%D0%B8%D0%B9,https://hh.ru
235,Каменщик-плиточник,,80000,руб,https://hh.ru/vacancy/54413936?query=%D1%80%D0%B0%D0%B7%D0%BD%D0%BE%D1%80%D0%B0%D0%B1%D0%BE%D1%87%D0%B8%D0%B9,https://hh.ru
236,Охранник (юго-западный район Москвы),,40000,руб,https://hh.ru/vacancy/54413936?query=%D1%80%D0%B0%D0%B7%D0%BD%D0%BE%D1%80%D0%B0%D0%B1%D0%BE%D1%87%D0%B8%D0%B9,https://hh.ru
237,Столяр-станочник,,80000,руб,https://hh.ru/vacancy/54413936?query=%D1%80%D0%B0%D0%B7%D0%BD%D0%BE%D1%80%D0%B0%D0%B1%D0%BE%D1%87%D0%B8%D0%B9,https://hh.ru
238,Грузчик-мерчендайзер (м. Лухмановская),,40000,руб,https://hh.ru/vacancy/54413936?query=%D1%80%D0%B0%D0%B7%D0%BD%D0%BE%D1%80%D0%B0%D0%B1%D0%BE%D1%87%D0%B8%D0%B9,https://hh.ru
239,Сборщик заказов/комплектовщик,110000,,руб,https://hh.ru/vacancy/54413936?query=%D1%80%D0%B0%D0%B7%D0%BD%D0%BE%D1%80%D0%B0%D0%B1%D0%BE%D1%87%D0%B8%D0%B9,https://hh.ru
240,Подсобный рабочий в аптеку (м. Щёлковская),31000,,руб,https://hh.ru/vacancy/54413936?query=%D1%80%D0%B0%D0%B7%D0%BD%D0%BE%D1%80%D0%B0%D0%B1%D0%BE%D1%87%D0%B8%D0%B9,https://hh.ru
241,Подсобный рабочий,,,,https://hh.ru/vacancy/54413936?query=%D1%80%D0%B0%D0%B7%D0%BD%D0%BE%D1%80%D0%B0%D0%B1%D0%BE%D1%87%D0%B8%D0%B9,https://hh.ru
242,Работник торгового зала ( ул. Обручева),,34000,руб,https://hh.ru/vacancy/54413936?query=%D1%80%D0%B0%D0%B7%D0%BD%D0%BE%D1%80%D0%B0%D0%B1%D0%BE%D1%87%D0%B8%D0%B9,https://hh.ru
243,Работник торгового зала (м. Медведково),,34000,руб,https://hh.ru/vacancy/54413936?query=%D1%80%D0%B0%D0%B7%D0%BD%D0%BE%D1%80%D0%B0%D0%B1%D0%BE%D1%87%D0%B8%D0%B9,https://hh.ru
244,Работник торгового зала (м. Озерная),,34000,руб,https://hh.ru/vacancy/54413936?query=%D1%80%D0%B0%D0%B7%D0%BD%D0%BE%D1%80%D0%B0%D0%B1%D0%BE%D1%87%D0%B8%D0%B9,https://hh.ru
245,Работник торгового зала (ш. Ленинградское),,34000,руб,https://hh.ru/vacancy/54413936?query=%D1%80%D0%B0%D0%B7%D0%BD%D0%BE%D1%80%D0%B0%D0%B1%D0%BE%D1%87%D0%B8%D0%B9,https://hh.ru
246,Помощник повара (Тропарёво),,37000,руб,https://hh.ru/vacancy/54413936?query=%D1%80%D0%B0%D0%B7%D0%BD%D0%BE%D1%80%D0%B0%D0%B1%D0%BE%D1%87%D0%B8%D0%B9,https://hh.ru
247,Работник торгового зала (м. Сокол),,34000,руб,https://hh.ru/vacancy/54413936?query=%D1%80%D0%B0%D0%B7%D0%BD%D0%BE%D1%80%D0%B0%D0%B1%D0%BE%D1%87%D0%B8%D0%B9,https://hh.ru
248,Работник торгового зала (Коптево),,34000,руб,https://hh.ru/vacancy/54413936?query=%D1%80%D0%B0%D0%B7%D0%BD%D0%BE%D1%80%D0%B0%D0%B1%D0%BE%D1%87%D0%B8%D0%B9,https://hh.ru
249,Работник торгового зала (ул. Академика Королева),,34000,руб,https://hh.ru/vacancy/54413936?query=%D1%80%D0%B0%D0%B7%D0%BD%D0%BE%D1%80%D0%B0%D0%B1%D0%BE%D1%87%D0%B8%D0%B9,https://hh.ru
250,Работник торгового зала (м. Озерная),,34000,руб,https://hh.ru/vacancy/54413936?query=%D1%80%D0%B0%D0%B7%D0%BD%D0%BE%D1%80%D0%B0%D0%B1%D0%BE%D1%87%D0%B8%D0%B9,https://hh.ru
251,Работник торгового зала (ш. Ленинградское),,34000,руб,https://hh.ru/vacancy/54413936?query=%D1%80%D0%B0%D0%B7%D0%BD%D0%BE%D1%80%D0%B0%D0%B1%D0%BE%D1%87%D0%B8%D0%B9,https://hh.ru
252,Работник торгового зала (Коптево),,34000,руб,https://hh.ru/vacancy/54413936?query=%D1%80%D0%B0%D0%B7%D0%BD%D0%BE%D1%80%D0%B0%D0%B1%D0%BE%D1%87%D0%B8%D0%B9,https://hh.ru
253,Работник торгового зала (м. Сокол),,34000,руб,https://hh.ru/vacancy/54413936?query=%D1%80%D0%B0%D0%B7%D0%BD%D0%BE%D1%80%D0%B0%D0%B1%D0%BE%D1%87%D0%B8%D0%B9,https://hh.ru
254,Работник торгового зала (Профсоюзная),,34000,руб,https://hh.ru/vacancy/54413936?query=%D1%80%D0%B0%D0%B7%D0%BD%D0%BE%D1%80%D0%B0%D0%B1%D0%BE%D1%87%D0%B8%D0%B9,https://hh.ru
255,Работник торгового зала (ул. Академика Королева),,34000,руб,https://hh.ru/vacancy/54413936?query=%D1%80%D0%B0%D0%B7%D0%BD%D0%BE%D1%80%D0%B0%D0%B1%D0%BE%D1%87%D0%B8%D0%B9,https://hh.ru
256,Работник торгового зала (М. Академическая),,34000,руб,https://hh.ru/vacancy/54413936?query=%D1%80%D0%B0%D0%B7%D0%BD%D0%BE%D1%80%D0%B0%D0%B1%D0%BE%D1%87%D0%B8%D0%B9,https://hh.ru
257,Помощник повара (Тропарёво),,37000,руб,https://hh.ru/vacancy/54413936?query=%D1%80%D0%B0%D0%B7%D0%BD%D0%BE%D1%80%D0%B0%D0%B1%D0%BE%D1%87%D0%B8%D0%B9,https://hh.ru
258,Работник торгового зала (ст.м. Бауманская),,34000,руб,https://hh.ru/vacancy/54413936?query=%D1%80%D0%B0%D0%B7%D0%BD%D0%BE%D1%80%D0%B0%D0%B1%D0%BE%D1%87%D0%B8%D0%B9,https://hh.ru
259,Комплектовщик/упаковщик на склад,65000,,руб,https://hh.ru/vacancy/54413936?query=%D1%80%D0%B0%D0%B7%D0%BD%D0%BE%D1%80%D0%B0%D0%B1%D0%BE%D1%87%D0%B8%D0%B9,https://hh.ru
260,Работник торгового зала (м. Войковская),,34000,руб,https://hh.ru/vacancy/54413936?query=%D1%80%D0%B0%D0%B7%D0%BD%D0%BE%D1%80%D0%B0%D0%B1%D0%BE%D1%87%D0%B8%D0%B9,https://hh.ru
261,Работник торгового зала (Краснобогатырская ул.),,34000,руб,https://hh.ru/vacancy/54413936?query=%D1%80%D0%B0%D0%B7%D0%BD%D0%BE%D1%80%D0%B0%D0%B1%D0%BE%D1%87%D0%B8%D0%B9,https://hh.ru
262,Работник торгового зала (м. Беляево),,34000,руб,https://hh.ru/vacancy/54413936?query=%D1%80%D0%B0%D0%B7%D0%BD%D0%BE%D1%80%D0%B0%D0%B1%D0%BE%D1%87%D0%B8%D0%B9,https://hh.ru
263,Работник торгового зала (м. Белорусская),,34000,руб,https://hh.ru/vacancy/54413936?query=%D1%80%D0%B0%D0%B7%D0%BD%D0%BE%D1%80%D0%B0%D0%B1%D0%BE%D1%87%D0%B8%D0%B9,https://hh.ru
264,Работник торгового зала (м. Пражская),,34000,руб,https://hh.ru/vacancy/54413936?query=%D1%80%D0%B0%D0%B7%D0%BD%D0%BE%D1%80%D0%B0%D0%B1%D0%BE%D1%87%D0%B8%D0%B9,https://hh.ru
265,Работник торгового зала (Филёвский б-р),,34000,руб,https://hh.ru/vacancy/54413936?query=%D1%80%D0%B0%D0%B7%D0%BD%D0%BE%D1%80%D0%B0%D0%B1%D0%BE%D1%87%D0%B8%D0%B9,https://hh.ru
266,Работник торгового зала (м. Римская),,34000,руб,https://hh.ru/vacancy/54413936?query=%D1%80%D0%B0%D0%B7%D0%BD%D0%BE%D1%80%D0%B0%D0%B1%D0%BE%D1%87%D0%B8%D0%B9,https://hh.ru
267,Работник торгового зала (М. Новокузнецкая),,34000,руб,https://hh.ru/vacancy/54413936?query=%D1%80%D0%B0%D0%B7%D0%BD%D0%BE%D1%80%D0%B0%D0%B1%D0%BE%D1%87%D0%B8%D0%B9,https://hh.ru
268,Специалист по приему товара (15-я Парковая ул.),,38000,руб,https://hh.ru/vacancy/54413936?query=%D1%80%D0%B0%D0%B7%D0%BD%D0%BE%D1%80%D0%B0%D0%B1%D0%BE%D1%87%D0%B8%D0%B9,https://hh.ru
269,Работник торгового зала (м. Комсомольская),,34000,руб,https://hh.ru/vacancy/54413936?query=%D1%80%D0%B0%D0%B7%D0%BD%D0%BE%D1%80%D0%B0%D0%B1%D0%BE%D1%87%D0%B8%D0%B9,https://hh.ru
270,Руководитель отдела сервиса монтажа (кухни и корпусная мебель) и АХО,,120000,руб,https://hh.ru/vacancy/54413936?query=%D1%80%D0%B0%D0%B7%D0%BD%D0%BE%D1%80%D0%B0%D0%B1%D0%BE%D1%87%D0%B8%D0%B9,https://hh.ru
271,Работник торгового зала (Отрадное),,34000,руб,https://hh.ru/vacancy/54413936?query=%D1%80%D0%B0%D0%B7%D0%BD%D0%BE%D1%80%D0%B0%D0%B1%D0%BE%D1%87%D0%B8%D0%B9,https://hh.ru
272,Доставщик продуктов/Курьер,130000,,руб,https://hh.ru/vacancy/54413936?query=%D1%80%D0%B0%D0%B7%D0%BD%D0%BE%D1%80%D0%B0%D0%B1%D0%BE%D1%87%D0%B8%D0%B9,https://hh.ru
273,Доставщик продуктов/Курьер на корпоративном транспорте,125000,,руб,https://hh.ru/vacancy/54413936?query=%D1%80%D0%B0%D0%B7%D0%BD%D0%BE%D1%80%D0%B0%D0%B1%D0%BE%D1%87%D0%B8%D0%B9,https://hh.ru
274,Рекрутер,70000,,руб,https://hh.ru/vacancy/54413936?query=%D1%80%D0%B0%D0%B7%D0%BD%D0%BE%D1%80%D0%B0%D0%B1%D0%BE%D1%87%D0%B8%D0%B9,https://hh.ru
275,Начальник склада,90000,,руб,https://hh.ru/vacancy/54413936?query=%D1%80%D0%B0%D0%B7%D0%BD%D0%BE%D1%80%D0%B0%D0%B1%D0%BE%D1%87%D0%B8%D0%B9,https://hh.ru
276,Специалист по приему товара (м. Беломорская),,38000,руб,https://hh.ru/vacancy/54413936?query=%D1%80%D0%B0%D0%B7%D0%BD%D0%BE%D1%80%D0%B0%D0%B1%D0%BE%D1%87%D0%B8%D0%B9,https://hh.ru
277,Помощник повара (Крымская),,37000,руб,https://hh.ru/vacancy/54413936?query=%D1%80%D0%B0%D0%B7%D0%BD%D0%BE%D1%80%D0%B0%D0%B1%D0%BE%D1%87%D0%B8%D0%B9,https://hh.ru
278,Специалист по приему товара (Уральская ул.),,38000,руб,https://hh.ru/vacancy/54413936?query=%D1%80%D0%B0%D0%B7%D0%BD%D0%BE%D1%80%D0%B0%D0%B1%D0%BE%D1%87%D0%B8%D0%B9,https://hh.ru
279,Специалист по приему товара (пр. Валдайский),,38000,руб,https://hh.ru/vacancy/54413936?query=%D1%80%D0%B0%D0%B7%D0%BD%D0%BE%D1%80%D0%B0%D0%B1%D0%BE%D1%87%D0%B8%D0%B9,https://hh.ru
280,Специалист по приему товара (Сущевский вал),,38000,руб,https://hh.ru/vacancy/54413936?query=%D1%80%D0%B0%D0%B7%D0%BD%D0%BE%D1%80%D0%B0%D0%B1%D0%BE%D1%87%D0%B8%D0%B9,https://hh.ru
281,Специалист по приему товара (ул. Красных Зорь),,38000,руб,https://hh.ru/vacancy/54413936?query=%D1%80%D0%B0%D0%B7%D0%BD%D0%BE%D1%80%D0%B0%D0%B1%D0%BE%D1%87%D0%B8%D0%B9,https://hh.ru
282,Специалист по приему товара (см),,38000,руб,https://hh.ru/vacancy/54413936?query=%D1%80%D0%B0%D0%B7%D0%BD%D0%BE%D1%80%D0%B0%D0%B1%D0%BE%D1%87%D0%B8%D0%B9,https://hh.ru
283,Специалист по приему товара (б-р Кавказский),,38000,руб,https://hh.ru/vacancy/54413936?query=%D1%80%D0%B0%D0%B7%D0%BD%D0%BE%D1%80%D0%B0%D0%B1%D0%BE%D1%87%D0%B8%D0%B9,https://hh.ru
284,Специалист по приему товара (Нахимовский пр-т),,38000,руб,https://hh.ru/vacancy/54413936?query=%D1%80%D0%B0%D0%B7%D0%BD%D0%BE%D1%80%D0%B0%D0%B1%D0%BE%D1%87%D0%B8%D0%B9,https://hh.ru
285,Подсобный рабочий (Московская область гор.Пушкино),,,,https://hh.ru/vacancy/54413936?query=%D1%80%D0%B0%D0%B7%D0%BD%D0%BE%D1%80%D0%B0%D0%B1%D0%BE%D1%87%D0%B8%D0%B9,https://hh.ru
286,Специалист по приему товара (Марьино),,38000,руб,https://hh.ru/vacancy/54413936?query=%D1%80%D0%B0%D0%B7%D0%BD%D0%BE%D1%80%D0%B0%D0%B1%D0%BE%D1%87%D0%B8%D0%B9,https://hh.ru
287,Специалист по приему товара (м. Багратионовская),,38000,руб,https://hh.ru/vacancy/54413936?query=%D1%80%D0%B0%D0%B7%D0%BD%D0%BE%D1%80%D0%B0%D0%B1%D0%BE%D1%87%D0%B8%D0%B9,https://hh.ru
288,Специалист по приему товара (м. Калужская),,38000,руб,https://hh.ru/vacancy/54413936?query=%D1%80%D0%B0%D0%B7%D0%BD%D0%BE%D1%80%D0%B0%D0%B1%D0%BE%D1%87%D0%B8%D0%B9,https://hh.ru
289,Специалист по приему товара (м. Белорусская),,38000,руб,https://hh.ru/vacancy/54413936?query=%D1%80%D0%B0%D0%B7%D0%BD%D0%BE%D1%80%D0%B0%D0%B1%D0%BE%D1%87%D0%B8%D0%B9,https://hh.ru
290,Специалист по приему товара (м. Войковская),,38000,руб,https://hh.ru/vacancy/54413936?query=%D1%80%D0%B0%D0%B7%D0%BD%D0%BE%D1%80%D0%B0%D0%B1%D0%BE%D1%87%D0%B8%D0%B9,https://hh.ru
291,Специалист по приему товара (Сокол),,38000,руб,https://hh.ru/vacancy/54413936?query=%D1%80%D0%B0%D0%B7%D0%BD%D0%BE%D1%80%D0%B0%D0%B1%D0%BE%D1%87%D0%B8%D0%B9,https://hh.ru
292,Специалист по приему товара (Мелитопольская ул.),,38000,руб,https://hh.ru/vacancy/54413936?query=%D1%80%D0%B0%D0%B7%D0%BD%D0%BE%D1%80%D0%B0%D0%B1%D0%BE%D1%87%D0%B8%D0%B9,https://hh.ru
293,Специалист по приему товара (Митино),,38000,руб,https://hh.ru/vacancy/54413936?query=%D1%80%D0%B0%D0%B7%D0%BD%D0%BE%D1%80%D0%B0%D0%B1%D0%BE%D1%87%D0%B8%D0%B9,https://hh.ru
294,Специалист по приему товара (Митинская),,38000,руб,https://hh.ru/vacancy/54413936?query=%D1%80%D0%B0%D0%B7%D0%BD%D0%BE%D1%80%D0%B0%D0%B1%D0%BE%D1%87%D0%B8%D0%B9,https://hh.ru
295,Специалист по приему товара (Бауманская ул.),,38000,руб,https://hh.ru/vacancy/54413936?query=%D1%80%D0%B0%D0%B7%D0%BD%D0%BE%D1%80%D0%B0%D0%B1%D0%BE%D1%87%D0%B8%D0%B9,https://hh.ru
296,Специалист по приему товара ( м. Люблино ),,38000,руб,https://hh.ru/vacancy/54413936?query=%D1%80%D0%B0%D0%B7%D0%BD%D0%BE%D1%80%D0%B0%D0%B1%D0%BE%D1%87%D0%B8%D0%B9,https://hh.ru
297,Автокурьер по доставке продуктов,135000,,руб,https://hh.ru/vacancy/54413936?query=%D1%80%D0%B0%D0%B7%D0%BD%D0%BE%D1%80%D0%B0%D0%B1%D0%BE%D1%87%D0%B8%D0%B9,https://hh.ru
298,Подсобный рабочий (м. Парк Культуры),43750,,руб,https://hh.ru/vacancy/54413936?query=%D1%80%D0%B0%D0%B7%D0%BD%D0%BE%D1%80%D0%B0%D0%B1%D0%BE%D1%87%D0%B8%D0%B9,https://hh.ru
299,Специалист по приему товара (Бирюлево Западное ),,38000,руб,https://hh.ru/vacancy/54413936?query=%D1%80%D0%B0%D0%B7%D0%BD%D0%BE%D1%80%D0%B0%D0%B1%D0%BE%D1%87%D0%B8%D0%B9,https://hh.ru
300,Помощник пекаря (Тропарёво),,37000,руб,https://hh.ru/vacancy/54413936?query=%D1%80%D0%B0%D0%B7%D0%BD%D0%BE%D1%80%D0%B0%D0%B1%D0%BE%D1%87%D0%B8%D0%B9,https://hh.ru
301,Специалист по приему товара (М. Академическая),,38000,руб,https://hh.ru/vacancy/54413936?query=%D1%80%D0%B0%D0%B7%D0%BD%D0%BE%D1%80%D0%B0%D0%B1%D0%BE%D1%87%D0%B8%D0%B9,https://hh.ru
302,Специалист по приему товара (м. Кантемировская),,38000,руб,https://hh.ru/vacancy/54413936?query=%D1%80%D0%B0%D0%B7%D0%BD%D0%BE%D1%80%D0%B0%D0%B1%D0%BE%D1%87%D0%B8%D0%B9,https://hh.ru
303,Специалист по приему товара (м. Сокол),,38000,руб,https://hh.ru/vacancy/54413936?query=%D1%80%D0%B0%D0%B7%D0%BD%D0%BE%D1%80%D0%B0%D0%B1%D0%BE%D1%87%D0%B8%D0%B9,https://hh.ru
304,Специалист по приему товара (Вешняки),,38000,руб,https://hh.ru/vacancy/54413936?query=%D1%80%D0%B0%D0%B7%D0%BD%D0%BE%D1%80%D0%B0%D0%B1%D0%BE%D1%87%D0%B8%D0%B9,https://hh.ru
305,Водитель погрузчика / Водитель электроштабелера (Крымская),,42000,руб,https://hh.ru/vacancy/54413936?query=%D1%80%D0%B0%D0%B7%D0%BD%D0%BE%D1%80%D0%B0%D0%B1%D0%BE%D1%87%D0%B8%D0%B9,https://hh.ru
306,Специалист по приему товара (м. Римская),,38000,руб,https://hh.ru/vacancy/54413936?query=%D1%80%D0%B0%D0%B7%D0%BD%D0%BE%D1%80%D0%B0%D0%B1%D0%BE%D1%87%D0%B8%D0%B9,https://hh.ru
307,Специалист по приему товара (м. Коптево),,38000,руб,https://hh.ru/vacancy/54413936?query=%D1%80%D0%B0%D0%B7%D0%BD%D0%BE%D1%80%D0%B0%D0%B1%D0%BE%D1%87%D0%B8%D0%B9,https://hh.ru
308,Водитель в службу доставки,130000,,руб,https://hh.ru/vacancy/54413936?query=%D1%80%D0%B0%D0%B7%D0%BD%D0%BE%D1%80%D0%B0%D0%B1%D0%BE%D1%87%D0%B8%D0%B9,https://hh.ru
309,Специалист по приему товара (м. Бульвар Рокоссовского),,38000,руб,https://hh.ru/vacancy/54413936?query=%D1%80%D0%B0%D0%B7%D0%BD%D0%BE%D1%80%D0%B0%D0%B1%D0%BE%D1%87%D0%B8%D0%B9,https://hh.ru
310,Кладовщик-упаковщик в интернет-магазин,50000,,руб,https://hh.ru/vacancy/54413936?query=%D1%80%D0%B0%D0%B7%D0%BD%D0%BE%D1%80%D0%B0%D0%B1%D0%BE%D1%87%D0%B8%D0%B9,https://hh.ru
311,Специалист по приему товара (м. Тульская),,38000,руб,https://hh.ru/vacancy/54413936?query=%D1%80%D0%B0%D0%B7%D0%BD%D0%BE%D1%80%D0%B0%D0%B1%D0%BE%D1%87%D0%B8%D0%B9,https://hh.ru
312,Шлифовщик / Подсобный рабочий в цех шлифовки,,45000,руб,https://hh.ru/vacancy/54413936?query=%D1%80%D0%B0%D0%B7%D0%BD%D0%BE%D1%80%D0%B0%D0%B1%D0%BE%D1%87%D0%B8%D0%B9,https://hh.ru
313,Специалист по приему товара (м. Пражская),,38000,руб,https://hh.ru/vacancy/54413936?query=%D1%80%D0%B0%D0%B7%D0%BD%D0%BE%D1%80%D0%B0%D0%B1%D0%BE%D1%87%D0%B8%D0%B9,https://hh.ru
314,Водитель-курьер на автомобиле компании,115000,,руб,https://hh.ru/vacancy/54413936?query=%D1%80%D0%B0%D0%B7%D0%BD%D0%BE%D1%80%D0%B0%D0%B1%D0%BE%D1%87%D0%B8%D0%B9,https://hh.ru
315,Специалист по приему товара (м. Комсомольская),,38000,руб,https://hh.ru/vacancy/54413936?query=%D1%80%D0%B0%D0%B7%D0%BD%D0%BE%D1%80%D0%B0%D0%B1%D0%BE%D1%87%D0%B8%D0%B9,https://hh.ru
316,Специалист по приему товара (Мичуринский проспект),,38000,руб,https://hh.ru/vacancy/54413936?query=%D1%80%D0%B0%D0%B7%D0%BD%D0%BE%D1%80%D0%B0%D0%B1%D0%BE%D1%87%D0%B8%D0%B9,https://hh.ru
317,Специалист по приему товара (м. Домодедовская),,38000,руб,https://hh.ru/vacancy/54413936?query=%D1%80%D0%B0%D0%B7%D0%BD%D0%BE%D1%80%D0%B0%D0%B1%D0%BE%D1%87%D0%B8%D0%B9,https://hh.ru
318,Водитель-Доставщик продуктов на корпоративном автомобиле,110000,,руб,https://hh.ru/vacancy/54413936?query=%D1%80%D0%B0%D0%B7%D0%BD%D0%BE%D1%80%D0%B0%D0%B1%D0%BE%D1%87%D0%B8%D0%B9,https://hh.ru
319,Специалист по приему товара (Отрадное),,38000,руб,https://hh.ru/vacancy/54413936?query=%D1%80%D0%B0%D0%B7%D0%BD%D0%BE%D1%80%D0%B0%D0%B1%D0%BE%D1%87%D0%B8%D0%B9,https://hh.ru
320,Специалист по приему товара (м. Беляево),,38000,руб,https://hh.ru/vacancy/54413936?query=%D1%80%D0%B0%D0%B7%D0%BD%D0%BE%D1%80%D0%B0%D0%B1%D0%BE%D1%87%D0%B8%D0%B9,https://hh.ru
321,Специалист по приему товара (м. Семеновская),,38000,руб,https://hh.ru/vacancy/54413936?query=%D1%80%D0%B0%D0%B7%D0%BD%D0%BE%D1%80%D0%B0%D0%B1%D0%BE%D1%87%D0%B8%D0%B9,https://hh.ru
322,Специалист по приему товара (м. ВДНХ),,38000,руб,https://hh.ru/vacancy/54413936?query=%D1%80%D0%B0%D0%B7%D0%BD%D0%BE%D1%80%D0%B0%D0%B1%D0%BE%D1%87%D0%B8%D0%B9,https://hh.ru
323,Водитель погрузчика / Водитель электроштабелера (Кожуховская),,42000,руб,https://hh.ru/vacancy/54413936?query=%D1%80%D0%B0%D0%B7%D0%BD%D0%BE%D1%80%D0%B0%D0%B1%D0%BE%D1%87%D0%B8%D0%B9,https://hh.ru
324,Бригадир мобильной бригады,,60000,руб,https://hh.ru/vacancy/54413936?query=%D1%80%D0%B0%D0%B7%D0%BD%D0%BE%D1%80%D0%B0%D0%B1%D0%BE%D1%87%D0%B8%D0%B9,https://hh.ru
325,"Мастер смены (г. Рошаль, Московская область)",,,,https://hh.ru/vacancy/54413936?query=%D1%80%D0%B0%D0%B7%D0%BD%D0%BE%D1%80%D0%B0%D0%B1%D0%BE%D1%87%D0%B8%D0%B9,https://hh.ru
326,Садовник-озеленитель/ Разнорабочий,,40000,руб,https://hh.ru/vacancy/54413936?query=%D1%80%D0%B0%D0%B7%D0%BD%D0%BE%D1%80%D0%B0%D0%B1%D0%BE%D1%87%D0%B8%D0%B9,https://hh.ru
327,Помощник пекаря (ул Б. Черемушинская),,37000,руб,https://hh.ru/vacancy/54413936?query=%D1%80%D0%B0%D0%B7%D0%BD%D0%BE%D1%80%D0%B0%D0%B1%D0%BE%D1%87%D0%B8%D0%B9,https://hh.ru
328,Руководитель строительных проектов,,,,https://hh.ru/vacancy/54413936?query=%D1%80%D0%B0%D0%B7%D0%BD%D0%BE%D1%80%D0%B0%D0%B1%D0%BE%D1%87%D0%B8%D0%B9,https://hh.ru
329,Ночной работник торгового зала АШАН (ТЦ Каширская Плаза),,39900,руб,https://hh.ru/vacancy/54413936?query=%D1%80%D0%B0%D0%B7%D0%BD%D0%BE%D1%80%D0%B0%D0%B1%D0%BE%D1%87%D0%B8%D0%B9,https://hh.ru
330,Фасовщик АШАН (ТЦ МЕГА),,28600,руб,https://hh.ru/vacancy/54413936?query=%D1%80%D0%B0%D0%B7%D0%BD%D0%BE%D1%80%D0%B0%D0%B1%D0%BE%D1%87%D0%B8%D0%B9,https://hh.ru
331,Охранник без лицензии,,60000,руб,https://hh.ru/vacancy/54413936?query=%D1%80%D0%B0%D0%B7%D0%BD%D0%BE%D1%80%D0%B0%D0%B1%D0%BE%D1%87%D0%B8%D0%B9,https://hh.ru
332,Продавец отдела Овощи и фрукты (м. Коммунарка),,36000,руб,https://hh.ru/vacancy/54413936?query=%D1%80%D0%B0%D0%B7%D0%BD%D0%BE%D1%80%D0%B0%D0%B1%D0%BE%D1%87%D0%B8%D0%B9,https://hh.ru
333,Работник производства АШАН (ТЦ Каширская Плаза),,30800,руб,https://hh.ru/vacancy/54413936?query=%D1%80%D0%B0%D0%B7%D0%BD%D0%BE%D1%80%D0%B0%D0%B1%D0%BE%D1%87%D0%B8%D0%B9,https://hh.ru
334,Фасовщик свежеиспеченного хлеба (АШАН ТЦ Вегас),,28600,руб,https://hh.ru/vacancy/54413936?query=%D1%80%D0%B0%D0%B7%D0%BD%D0%BE%D1%80%D0%B0%D0%B1%D0%BE%D1%87%D0%B8%D0%B9,https://hh.ru
335,Продавец (м. Говорово),,35000,руб,https://hh.ru/vacancy/54413936?query=%D1%80%D0%B0%D0%B7%D0%BD%D0%BE%D1%80%D0%B0%D0%B1%D0%BE%D1%87%D0%B8%D0%B9,https://hh.ru
336,Руководитель склада,,80000,руб,https://hh.ru/vacancy/54413936?query=%D1%80%D0%B0%D0%B7%D0%BD%D0%BE%D1%80%D0%B0%D0%B1%D0%BE%D1%87%D0%B8%D0%B9,https://hh.ru
337,Работник торгового зала (подработка),,2500,руб,https://hh.ru/vacancy/54413936?query=%D1%80%D0%B0%D0%B7%D0%BD%D0%BE%D1%80%D0%B0%D0%B1%D0%BE%D1%87%D0%B8%D0%B9,https://hh.ru
338,Водитель-Курьер (Корпоративный Автомобиль),124000,,руб,https://hh.ru/vacancy/54413936?query=%D1%80%D0%B0%D0%B7%D0%BD%D0%BE%D1%80%D0%B0%D0%B1%D0%BE%D1%87%D0%B8%D0%B9,https://hh.ru
339,Рекрутер на Фриланс (менеджер по подбору персонала),,30000,руб,https://hh.ru/vacancy/54413936?query=%D1%80%D0%B0%D0%B7%D0%BD%D0%BE%D1%80%D0%B0%D0%B1%D0%BE%D1%87%D0%B8%D0%B9,https://hh.ru
340,Продавец (Дмитровское шоссе),,35000,руб,https://hh.ru/vacancy/54413936?query=%D1%80%D0%B0%D0%B7%D0%BD%D0%BE%D1%80%D0%B0%D0%B1%D0%BE%D1%87%D0%B8%D0%B9,https://hh.ru
341,Продавец-универсал магазина ( ул. Погонный проезд),,48000,руб,https://hh.ru/vacancy/54413936?query=%D1%80%D0%B0%D0%B7%D0%BD%D0%BE%D1%80%D0%B0%D0%B1%D0%BE%D1%87%D0%B8%D0%B9,https://hh.ru
342,Продавец-универсал магазина (ул. Красная сосна),,48000,руб,https://hh.ru/vacancy/54413936?query=%D1%80%D0%B0%D0%B7%D0%BD%D0%BE%D1%80%D0%B0%D0%B1%D0%BE%D1%87%D0%B8%D0%B9,https://hh.ru
343,Продавец-универсал магазина (ул. Дубки),,48000,руб,https://hh.ru/vacancy/54413936?query=%D1%80%D0%B0%D0%B7%D0%BD%D0%BE%D1%80%D0%B0%D0%B1%D0%BE%D1%87%D0%B8%D0%B9,https://hh.ru
344,Продавец отдела Овощи и фрукты (Бауманская ул.),,36000,руб,https://hh.ru/vacancy/54413936?query=%D1%80%D0%B0%D0%B7%D0%BD%D0%BE%D1%80%D0%B0%D0%B1%D0%BE%D1%87%D0%B8%D0%B9,https://hh.ru
345,Продавец (м. Крымская),,35000,руб,https://hh.ru/vacancy/54413936?query=%D1%80%D0%B0%D0%B7%D0%BD%D0%BE%D1%80%D0%B0%D0%B1%D0%BE%D1%87%D0%B8%D0%B9,https://hh.ru
346,Продавец - универсал (м Академическая),,37000,руб,https://hh.ru/vacancy/54413936?query=%D1%80%D0%B0%D0%B7%D0%BD%D0%BE%D1%80%D0%B0%D0%B1%D0%BE%D1%87%D0%B8%D0%B9,https://hh.ru
347,Хаус-мастер (м. Саларьево/м. Филатов луг),,57500,руб,https://hh.ru/vacancy/54413936?query=%D1%80%D0%B0%D0%B7%D0%BD%D0%BE%D1%80%D0%B0%D0%B1%D0%BE%D1%87%D0%B8%D0%B9,https://hh.ru
348,Продавец-универсал магазина (Митино),,48000,руб,https://hh.ru/vacancy/54413936?query=%D1%80%D0%B0%D0%B7%D0%BD%D0%BE%D1%80%D0%B0%D0%B1%D0%BE%D1%87%D0%B8%D0%B9,https://hh.ru
349,Повар (Ашан ТЦ Ривьера),,35100,руб,https://hh.ru/vacancy/54413936?query=%D1%80%D0%B0%D0%B7%D0%BD%D0%BE%D1%80%D0%B0%D0%B1%D0%BE%D1%87%D0%B8%D0%B9,https://hh.ru
350,Продавец - универсал (Кожуховская),,37000,руб,https://hh.ru/vacancy/54413936?query=%D1%80%D0%B0%D0%B7%D0%BD%D0%BE%D1%80%D0%B0%D0%B1%D0%BE%D1%87%D0%B8%D0%B9,https://hh.ru
351,"Продавец-универсал магазина (ул. Новодмитровская, д.2 корп.1)",,48000,руб,https://hh.ru/vacancy/54413936?query=%D1%80%D0%B0%D0%B7%D0%BD%D0%BE%D1%80%D0%B0%D0%B1%D0%BE%D1%87%D0%B8%D0%B9,https://hh.ru
352,Продавец-универсал магазина (Каширское шоссе),,48000,руб,https://hh.ru/vacancy/54413936?query=%D1%80%D0%B0%D0%B7%D0%BD%D0%BE%D1%80%D0%B0%D0%B1%D0%BE%D1%87%D0%B8%D0%B9,https://hh.ru
353,Ассистент менеджера по персоналу,,40000,руб,https://hh.ru/vacancy/54413936?query=%D1%80%D0%B0%D0%B7%D0%BD%D0%BE%D1%80%D0%B0%D0%B1%D0%BE%D1%87%D0%B8%D0%B9,https://hh.ru
354,Продавец ( м Академическая),,35000,руб,https://hh.ru/vacancy/54413936?query=%D1%80%D0%B0%D0%B7%D0%BD%D0%BE%D1%80%D0%B0%D0%B1%D0%BE%D1%87%D0%B8%D0%B9,https://hh.ru
355,Продавец-универсал магазина (м. Прокшино),,48000,руб,https://hh.ru/vacancy/54413936?query=%D1%80%D0%B0%D0%B7%D0%BD%D0%BE%D1%80%D0%B0%D0%B1%D0%BE%D1%87%D0%B8%D0%B9,https://hh.ru
356,Продавец-универсал магазина (м. Зорге),,48000,руб,https://hh.ru/vacancy/54413936?query=%D1%80%D0%B0%D0%B7%D0%BD%D0%BE%D1%80%D0%B0%D0%B1%D0%BE%D1%87%D0%B8%D0%B9,https://hh.ru
357,Продавец-универсал магазина (Шипиловская ул.),,44000,руб,https://hh.ru/vacancy/54413936?query=%D1%80%D0%B0%D0%B7%D0%BD%D0%BE%D1%80%D0%B0%D0%B1%D0%BE%D1%87%D0%B8%D0%B9,https://hh.ru
358,Продавец-универсал магазина (м. Лесопарковая),,48000,руб,https://hh.ru/vacancy/54413936?query=%D1%80%D0%B0%D0%B7%D0%BD%D0%BE%D1%80%D0%B0%D0%B1%D0%BE%D1%87%D0%B8%D0%B9,https://hh.ru
359,Продавец-универсал магазина (м. Дмитровская),,48000,руб,https://hh.ru/vacancy/54413936?query=%D1%80%D0%B0%D0%B7%D0%BD%D0%BE%D1%80%D0%B0%D0%B1%D0%BE%D1%87%D0%B8%D0%B9,https://hh.ru
360,Продавец-универсал магазина (м. Филатов Луг),,48000,руб,https://hh.ru/vacancy/54413936?query=%D1%80%D0%B0%D0%B7%D0%BD%D0%BE%D1%80%D0%B0%D0%B1%D0%BE%D1%87%D0%B8%D0%B9,https://hh.ru
361,Продавец-универсал магазина (Измайловское шоссе),,48000,руб,https://hh.ru/vacancy/54413936?query=%D1%80%D0%B0%D0%B7%D0%BD%D0%BE%D1%80%D0%B0%D0%B1%D0%BE%D1%87%D0%B8%D0%B9,https://hh.ru
362,Продавец-универсал магазина (м. Домодедовская),,48000,руб,https://hh.ru/vacancy/54413936?query=%D1%80%D0%B0%D0%B7%D0%BD%D0%BE%D1%80%D0%B0%D0%B1%D0%BE%D1%87%D0%B8%D0%B9,https://hh.ru
363,Ночной продавец (АШАН ТЦ Вегас),,38100,руб,https://hh.ru/vacancy/54413936?query=%D1%80%D0%B0%D0%B7%D0%BD%D0%BE%D1%80%D0%B0%D0%B1%D0%BE%D1%87%D0%B8%D0%B9,https://hh.ru
364,Продавец (Ашан ТЦ Ривьера),,28600,руб,https://hh.ru/vacancy/54413936?query=%D1%80%D0%B0%D0%B7%D0%BD%D0%BE%D1%80%D0%B0%D0%B1%D0%BE%D1%87%D0%B8%D0%B9,https://hh.ru
365,Руководитель хаски-центра,,100000,руб,https://hh.ru/vacancy/54413936?query=%D1%80%D0%B0%D0%B7%D0%BD%D0%BE%D1%80%D0%B0%D0%B1%D0%BE%D1%87%D0%B8%D0%B9,https://hh.ru
366,Продавец АШАН (ТЦ МЕГА),,31200,руб,https://hh.ru/vacancy/54413936?query=%D1%80%D0%B0%D0%B7%D0%BD%D0%BE%D1%80%D0%B0%D0%B1%D0%BE%D1%87%D0%B8%D0%B9,https://hh.ru
367,Продавец (АШАН ТЦ Вегас),,28600,руб,https://hh.ru/vacancy/54413936?query=%D1%80%D0%B0%D0%B7%D0%BD%D0%BE%D1%80%D0%B0%D0%B1%D0%BE%D1%87%D0%B8%D0%B9,https://hh.ru
368,Продавец АШАН (ТЦ Каширская Плаза),,30800,руб,https://hh.ru/vacancy/54413936?query=%D1%80%D0%B0%D0%B7%D0%BD%D0%BE%D1%80%D0%B0%D0%B1%D0%BE%D1%87%D0%B8%D0%B9,https://hh.ru
369,Менеджер по подбору персонала,,50000,руб,https://hh.ru/vacancy/54413936?query=%D1%80%D0%B0%D0%B7%D0%BD%D0%BE%D1%80%D0%B0%D0%B1%D0%BE%D1%87%D0%B8%D0%B9,https://hh.ru
370,Кассир АШАН (ТЦ МЕГА),,32200,руб,https://hh.ru/vacancy/54413936?query=%D1%80%D0%B0%D0%B7%D0%BD%D0%BE%D1%80%D0%B0%D0%B1%D0%BE%D1%87%D0%B8%D0%B9,https://hh.ru
371,Администратор номерного фонда / Супервайзер номерного фонда,,40000,руб,https://hh.ru/vacancy/54413936?query=%D1%80%D0%B0%D0%B7%D0%BD%D0%BE%D1%80%D0%B0%D0%B1%D0%BE%D1%87%D0%B8%D0%B9,https://hh.ru
372,Комплектовщик на склад OZON,,65000,руб,https://hh.ru/vacancy/54413936?query=%D1%80%D0%B0%D0%B7%D0%BD%D0%BE%D1%80%D0%B0%D0%B1%D0%BE%D1%87%D0%B8%D0%B9,https://hh.ru
373,Сборщик-комплектовщик на склад,60000,,руб,https://hh.ru/vacancy/54413936?query=%D1%80%D0%B0%D0%B7%D0%BD%D0%BE%D1%80%D0%B0%D0%B1%D0%BE%D1%87%D0%B8%D0%B9,https://hh.ru
374,Комплектовщик,70000,,руб,https://hh.ru/vacancy/54413936?query=%D1%80%D0%B0%D0%B7%D0%BD%D0%BE%D1%80%D0%B0%D0%B1%D0%BE%D1%87%D0%B8%D0%B9,https://hh.ru
375,Рабочий по зданию,,60000,руб,https://hh.ru/vacancy/54413936?query=%D1%80%D0%B0%D0%B7%D0%BD%D0%BE%D1%80%D0%B0%D0%B1%D0%BE%D1%87%D0%B8%D0%B9,https://hh.ru
376,Комплектовщик (Московская область),70000,,руб,https://hh.ru/vacancy/54413936?query=%D1%80%D0%B0%D0%B7%D0%BD%D0%BE%D1%80%D0%B0%D0%B1%D0%BE%D1%87%D0%B8%D0%B9,https://hh.ru
377,Сборщик-комплектовщик чайной продукции,60000,,руб,https://hh.ru/vacancy/54413936?query=%D1%80%D0%B0%D0%B7%D0%BD%D0%BE%D1%80%D0%B0%D0%B1%D0%BE%D1%87%D0%B8%D0%B9,https://hh.ru
378,Ночной Комплектовщик по сборке заказов,,75000,руб,https://hh.ru/vacancy/54413936?query=%D1%80%D0%B0%D0%B7%D0%BD%D0%BE%D1%80%D0%B0%D0%B1%D0%BE%D1%87%D0%B8%D0%B9,https://hh.ru
379,Разнорабочий на пищевое производство,,39600,руб,https://hh.ru/vacancy/54413936?query=%D1%80%D0%B0%D0%B7%D0%BD%D0%BE%D1%80%D0%B0%D0%B1%D0%BE%D1%87%D0%B8%D0%B9,https://hh.ru
380,Подсобный рабочий (электродепо Митино),44100,,руб,https://hh.ru/vacancy/54413936?query=%D1%80%D0%B0%D0%B7%D0%BD%D0%BE%D1%80%D0%B0%D0%B1%D0%BE%D1%87%D0%B8%D0%B9,https://hh.ru
381,"Подсобный рабочий в кафе (м. Речной вокзал, м. Водный стадион, м. Марьина Роща)",40000,,руб,https://hh.ru/vacancy/54413936?query=%D1%80%D0%B0%D0%B7%D0%BD%D0%BE%D1%80%D0%B0%D0%B1%D0%BE%D1%87%D0%B8%D0%B9,https://hh.ru
382,Помощник/помощница по хозяйству в загородный дом,170000,,руб,https://hh.ru/vacancy/54413936?query=%D1%80%D0%B0%D0%B7%D0%BD%D0%BE%D1%80%D0%B0%D0%B1%D0%BE%D1%87%D0%B8%D0%B9,https://hh.ru
383,Рекрутер,,70000,руб,https://hh.ru/vacancy/54413936?query=%D1%80%D0%B0%D0%B7%D0%BD%D0%BE%D1%80%D0%B0%D0%B1%D0%BE%D1%87%D0%B8%D0%B9,https://hh.ru
384,Сборщик-комплектовщик на склад,60000,,руб,https://hh.ru/vacancy/54413936?query=%D1%80%D0%B0%D0%B7%D0%BD%D0%BE%D1%80%D0%B0%D0%B1%D0%BE%D1%87%D0%B8%D0%B9,https://hh.ru
385,Машинист пресса / производственный рабочий,43000,,руб,https://hh.ru/vacancy/54413936?query=%D1%80%D0%B0%D0%B7%D0%BD%D0%BE%D1%80%D0%B0%D0%B1%D0%BE%D1%87%D0%B8%D0%B9,https://hh.ru
386,Подсобный рабочий на склад,39000,,руб,https://hh.ru/vacancy/54413936?query=%D1%80%D0%B0%D0%B7%D0%BD%D0%BE%D1%80%D0%B0%D0%B1%D0%BE%D1%87%D0%B8%D0%B9,https://hh.ru
387,Разнорабочий по комплексному обслуживанию зданий - Хаус-мастер (Ватутинки),,35000,руб,https://hh.ru/vacancy/54413936?query=%D1%80%D0%B0%D0%B7%D0%BD%D0%BE%D1%80%D0%B0%D0%B1%D0%BE%D1%87%D0%B8%D0%B9,https://hh.ru
388,Разнорабочий по комплексному обслуживанию зданий - Хаус-мастер (Южное Бунино),,40000,руб,https://hh.ru/vacancy/54413936?query=%D1%80%D0%B0%D0%B7%D0%BD%D0%BE%D1%80%D0%B0%D0%B1%D0%BE%D1%87%D0%B8%D0%B9,https://hh.ru
389,Грузчик,39000,,руб,https://hh.ru/vacancy/54413936?query=%D1%80%D0%B0%D0%B7%D0%BD%D0%BE%D1%80%D0%B0%D0%B1%D0%BE%D1%87%D0%B8%D0%B9,https://hh.ru
390,Работник на пересчет товара,,,,https://hh.ru/vacancy/54413936?query=%D1%80%D0%B0%D0%B7%D0%BD%D0%BE%D1%80%D0%B0%D0%B1%D0%BE%D1%87%D0%B8%D0%B9,https://hh.ru
391,Хаус-мастер (ЖК Цветочные поляны),,35000,руб,https://hh.ru/vacancy/54413936?query=%D1%80%D0%B0%D0%B7%D0%BD%D0%BE%D1%80%D0%B0%D0%B1%D0%BE%D1%87%D0%B8%D0%B9,https://hh.ru
392,Приемщик товара/кладовщик Супермаркет АШАН Каширское 1,,36888,руб,https://hh.ru/vacancy/54413936?query=%D1%80%D0%B0%D0%B7%D0%BD%D0%BE%D1%80%D0%B0%D0%B1%D0%BE%D1%87%D0%B8%D0%B9,https://hh.ru
393,Продавец (Супермаркет АШАН Гурьянов Печатники),,30398,руб,https://hh.ru/vacancy/54413936?query=%D1%80%D0%B0%D0%B7%D0%BD%D0%BE%D1%80%D0%B0%D0%B1%D0%BE%D1%87%D0%B8%D0%B9,https://hh.ru
394,Продавец (Супермаркет АШАН Бутлерова),,30398,руб,https://hh.ru/vacancy/54413936?query=%D1%80%D0%B0%D0%B7%D0%BD%D0%BE%D1%80%D0%B0%D0%B1%D0%BE%D1%87%D0%B8%D0%B9,https://hh.ru
395,Продавец Супермаркет АШАН Каширское 1,,30398,руб,https://hh.ru/vacancy/54413936?query=%D1%80%D0%B0%D0%B7%D0%BD%D0%BE%D1%80%D0%B0%D0%B1%D0%BE%D1%87%D0%B8%D0%B9,https://hh.ru
396,Продавец Супермаркет АШАН Мурано,,30398,руб,https://hh.ru/vacancy/54413936?query=%D1%80%D0%B0%D0%B7%D0%BD%D0%BE%D1%80%D0%B0%D0%B1%D0%BE%D1%87%D0%B8%D0%B9,https://hh.ru
397,Продавец Супермаркет АШАН Академика Анохина,,30398,руб,https://hh.ru/vacancy/54413936?query=%D1%80%D0%B0%D0%B7%D0%BD%D0%BE%D1%80%D0%B0%D0%B1%D0%BE%D1%87%D0%B8%D0%B9,https://hh.ru
398,Продавец Супермаркет АШАН Боровское,,30398,руб,https://hh.ru/vacancy/54413936?query=%D1%80%D0%B0%D0%B7%D0%BD%D0%BE%D1%80%D0%B0%D0%B1%D0%BE%D1%87%D0%B8%D0%B9,https://hh.ru
399,Продавец Супермаркет АШАН,,29000,руб,https://hh.ru/vacancy/54413936?query=%D1%80%D0%B0%D0%B7%D0%BD%D0%BE%D1%80%D0%B0%D0%B1%D0%BE%D1%87%D0%B8%D0%B9,https://hh.ru
400,Помощник разнорабочий в швейный цех (утюг упаковка),,60000,руб,https://hh.ru/vacancy/54413936?query=%D1%80%D0%B0%D0%B7%D0%BD%D0%BE%D1%80%D0%B0%D0%B1%D0%BE%D1%87%D0%B8%D0%B9,https://hh.ru
401,Продавец Супермаркет АШАН Пионерская,,30300,руб,https://hh.ru/vacancy/54413936?query=%D1%80%D0%B0%D0%B7%D0%BD%D0%BE%D1%80%D0%B0%D0%B1%D0%BE%D1%87%D0%B8%D0%B9,https://hh.ru
402,"Хаус-мастер, разнорабочий",,,,https://hh.ru/vacancy/54413936?query=%D1%80%D0%B0%D0%B7%D0%BD%D0%BE%D1%80%D0%B0%D0%B1%D0%BE%D1%87%D0%B8%D0%B9,https://hh.ru
403,Подсобный рабочий (м. Тульская),32700,,руб,https://hh.ru/vacancy/54413936?query=%D1%80%D0%B0%D0%B7%D0%BD%D0%BE%D1%80%D0%B0%D0%B1%D0%BE%D1%87%D0%B8%D0%B9,https://hh.ru
404,Оператор производственно-складского комплекса,,40000,руб,https://hh.ru/vacancy/54413936?query=%D1%80%D0%B0%D0%B7%D0%BD%D0%BE%D1%80%D0%B0%D0%B1%D0%BE%D1%87%D0%B8%D0%B9,https://hh.ru
405,Подсобный рабочий (Мичуринский проспект),35000,,руб,https://hh.ru/vacancy/54413936?query=%D1%80%D0%B0%D0%B7%D0%BD%D0%BE%D1%80%D0%B0%D0%B1%D0%BE%D1%87%D0%B8%D0%B9,https://hh.ru
406,Разнорабочий/Оператор моечной машины для уборки,35000,,руб,https://hh.ru/vacancy/54413936?query=%D1%80%D0%B0%D0%B7%D0%BD%D0%BE%D1%80%D0%B0%D0%B1%D0%BE%D1%87%D0%B8%D0%B9,https://hh.ru
407,Комплектовщик заказов,60000,,руб,https://hh.ru/vacancy/54413936?query=%D1%80%D0%B0%D0%B7%D0%BD%D0%BE%D1%80%D0%B0%D0%B1%D0%BE%D1%87%D0%B8%D0%B9,https://hh.ru
408,Сборщик заказов,57000,,руб,https://hh.ru/vacancy/54413936?query=%D1%80%D0%B0%D0%B7%D0%BD%D0%BE%D1%80%D0%B0%D0%B1%D0%BE%D1%87%D0%B8%D0%B9,https://hh.ru
409,Приёмщик товара/ Кладовщик ( Ашан ТЦ Ривьера),,38400,руб,https://hh.ru/vacancy/54413936?query=%D1%80%D0%B0%D0%B7%D0%BD%D0%BE%D1%80%D0%B0%D0%B1%D0%BE%D1%87%D0%B8%D0%B9,https://hh.ru
410,Ночной работник торгового зала АШАН (ТЦ МЕГА),,38200,руб,https://hh.ru/vacancy/54413936?query=%D1%80%D0%B0%D0%B7%D0%BD%D0%BE%D1%80%D0%B0%D0%B1%D0%BE%D1%87%D0%B8%D0%B9,https://hh.ru
411,Сканировщик ( Ашан ТЦ Ривьера),,32200,руб,https://hh.ru/vacancy/54413936?query=%D1%80%D0%B0%D0%B7%D0%BD%D0%BE%D1%80%D0%B0%D0%B1%D0%BE%D1%87%D0%B8%D0%B9,https://hh.ru
412,Старший Приёмщик товара/кладовщик АШАН (ТЦ МЕГА),,38003,руб,https://hh.ru/vacancy/54413936?query=%D1%80%D0%B0%D0%B7%D0%BD%D0%BE%D1%80%D0%B0%D0%B1%D0%BE%D1%87%D0%B8%D0%B9,https://hh.ru
413,Мерчендайзер (г. Москва),,38000,руб,https://hh.ru/vacancy/54413936?query=%D1%80%D0%B0%D0%B7%D0%BD%D0%BE%D1%80%D0%B0%D0%B1%D0%BE%D1%87%D0%B8%D0%B9,https://hh.ru
414,"Мерчендайзер, г. Москва",,38000,руб,https://hh.ru/vacancy/54413936?query=%D1%80%D0%B0%D0%B7%D0%BD%D0%BE%D1%80%D0%B0%D0%B1%D0%BE%D1%87%D0%B8%D0%B9,https://hh.ru
415,Комплектовщик пластмассовых изделий,72000,,руб,https://hh.ru/vacancy/54413936?query=%D1%80%D0%B0%D0%B7%D0%BD%D0%BE%D1%80%D0%B0%D0%B1%D0%BE%D1%87%D0%B8%D0%B9,https://hh.ru
416,"Мерчендайзер, г. Москва",,38000,руб,https://hh.ru/vacancy/54413936?query=%D1%80%D0%B0%D0%B7%D0%BD%D0%BE%D1%80%D0%B0%D0%B1%D0%BE%D1%87%D0%B8%D0%B9,https://hh.ru
417,"Мерчендайзер, г. Москва",,38000,руб,https://hh.ru/vacancy/54413936?query=%D1%80%D0%B0%D0%B7%D0%BD%D0%BE%D1%80%D0%B0%D0%B1%D0%BE%D1%87%D0%B8%D0%B9,https://hh.ru
418,Комплектовщик/комплектовщица косметических средств,70000,,руб,https://hh.ru/vacancy/54413936?query=%D1%80%D0%B0%D0%B7%D0%BD%D0%BE%D1%80%D0%B0%D0%B1%D0%BE%D1%87%D0%B8%D0%B9,https://hh.ru
419,"Мерчендайзер, г. Москва",,38000,руб,https://hh.ru/vacancy/54413936?query=%D1%80%D0%B0%D0%B7%D0%BD%D0%BE%D1%80%D0%B0%D0%B1%D0%BE%D1%87%D0%B8%D0%B9,https://hh.ru
420,Комплектовщик/Комплектовщица на склад лекарственных средств,72000,,руб,https://hh.ru/vacancy/54413936?query=%D1%80%D0%B0%D0%B7%D0%BD%D0%BE%D1%80%D0%B0%D0%B1%D0%BE%D1%87%D0%B8%D0%B9,https://hh.ru
421,Комплектовщик/Комплектовщица на кондитерскую фабрику,72000,,руб,https://hh.ru/vacancy/54413936?query=%D1%80%D0%B0%D0%B7%D0%BD%D0%BE%D1%80%D0%B0%D0%B1%D0%BE%D1%87%D0%B8%D0%B9,https://hh.ru
422,Фасовщик/Фасовщица бытовой химии,72000,,руб,https://hh.ru/vacancy/54413936?query=%D1%80%D0%B0%D0%B7%D0%BD%D0%BE%D1%80%D0%B0%D0%B1%D0%BE%D1%87%D0%B8%D0%B9,https://hh.ru
423,Тракторист,,60000,руб,https://hh.ru/vacancy/54413936?query=%D1%80%D0%B0%D0%B7%D0%BD%D0%BE%D1%80%D0%B0%D0%B1%D0%BE%D1%87%D0%B8%D0%B9,https://hh.ru
424,Разнорабочий / Мастер мелкого ремонта / Техник по обслуживанию (г. Москва),40500,,руб,https://hh.ru/vacancy/54413936?query=%D1%80%D0%B0%D0%B7%D0%BD%D0%BE%D1%80%D0%B0%D0%B1%D0%BE%D1%87%D0%B8%D0%B9,https://hh.ru
425,Укладчик-упаковщик на производство мороженого,,70000,руб,https://hh.ru/vacancy/54413936?query=%D1%80%D0%B0%D0%B7%D0%BD%D0%BE%D1%80%D0%B0%D0%B1%D0%BE%D1%87%D0%B8%D0%B9,https://hh.ru
426,Менеджер по работе с персоналом/Помощник руководителя службы HR,,70000,руб,https://hh.ru/vacancy/54413936?query=%D1%80%D0%B0%D0%B7%D0%BD%D0%BE%D1%80%D0%B0%D0%B1%D0%BE%D1%87%D0%B8%D0%B9,https://hh.ru
427,Сотрудник склада / Сборщик заказов,60000,,руб,https://hh.ru/vacancy/54413936?query=%D1%80%D0%B0%D0%B7%D0%BD%D0%BE%D1%80%D0%B0%D0%B1%D0%BE%D1%87%D0%B8%D0%B9,https://hh.ru
428,Менеджер объекта (аутсорсинг),80000,,руб,https://hh.ru/vacancy/54413936?query=%D1%80%D0%B0%D0%B7%D0%BD%D0%BE%D1%80%D0%B0%D0%B1%D0%BE%D1%87%D0%B8%D0%B9,https://hh.ru
429,Садовник,,110000,руб,https://hh.ru/vacancy/54413936?query=%D1%80%D0%B0%D0%B7%D0%BD%D0%BE%D1%80%D0%B0%D0%B1%D0%BE%D1%87%D0%B8%D0%B9,https://hh.ru
430,Начальник отдела эксплуатации (пищевое производство),,,,https://hh.ru/vacancy/54413936?query=%D1%80%D0%B0%D0%B7%D0%BD%D0%BE%D1%80%D0%B0%D0%B1%D0%BE%D1%87%D0%B8%D0%B9,https://hh.ru
431,Подсобный рабочий (котломойщик),,45000,руб,https://hh.ru/vacancy/54413936?query=%D1%80%D0%B0%D0%B7%D0%BD%D0%BE%D1%80%D0%B0%D0%B1%D0%BE%D1%87%D0%B8%D0%B9,https://hh.ru
432,Кладовщик-комплектовщик,87000,,руб,https://hh.ru/vacancy/54413936?query=%D1%80%D0%B0%D0%B7%D0%BD%D0%BE%D1%80%D0%B0%D0%B1%D0%BE%D1%87%D0%B8%D0%B9,https://hh.ru
433,Подсобный рабочий в филиал Южный,22600,,руб,https://hh.ru/vacancy/54413936?query=%D1%80%D0%B0%D0%B7%D0%BD%D0%BE%D1%80%D0%B0%D0%B1%D0%BE%D1%87%D0%B8%D0%B9,https://hh.ru
434,Маляр на автозавод,,,,https://hh.ru/vacancy/54413936?query=%D1%80%D0%B0%D0%B7%D0%BD%D0%BE%D1%80%D0%B0%D0%B1%D0%BE%D1%87%D0%B8%D0%B9,https://hh.ru
435,Рабочий на обувную фабрику,,40000,руб,https://hh.ru/vacancy/54413936?query=%D1%80%D0%B0%D0%B7%D0%BD%D0%BE%D1%80%D0%B0%D0%B1%D0%BE%D1%87%D0%B8%D0%B9,https://hh.ru
436,Рабочий на обувную фабрику 2/2,,40000,руб,https://hh.ru/vacancy/54413936?query=%D1%80%D0%B0%D0%B7%D0%BD%D0%BE%D1%80%D0%B0%D0%B1%D0%BE%D1%87%D0%B8%D0%B9,https://hh.ru
437,Грузчик-мерчендайзер (м. Рассказовка),,40000,руб,https://hh.ru/vacancy/54413936?query=%D1%80%D0%B0%D0%B7%D0%BD%D0%BE%D1%80%D0%B0%D0%B1%D0%BE%D1%87%D0%B8%D0%B9,https://hh.ru
438,Сборщик на автомобильное производство,49000,,руб,https://hh.ru/vacancy/54413936?query=%D1%80%D0%B0%D0%B7%D0%BD%D0%BE%D1%80%D0%B0%D0%B1%D0%BE%D1%87%D0%B8%D0%B9,https://hh.ru
439,Слесарь на автомобильный завод,,,,https://hh.ru/vacancy/54413936?query=%D1%80%D0%B0%D0%B7%D0%BD%D0%BE%D1%80%D0%B0%D0%B1%D0%BE%D1%87%D0%B8%D0%B9,https://hh.ru
440,Сварщик на автомобильное производство,,,,https://hh.ru/vacancy/54413936?query=%D1%80%D0%B0%D0%B7%D0%BD%D0%BE%D1%80%D0%B0%D0%B1%D0%BE%D1%87%D0%B8%D0%B9,https://hh.ru
441,Водитель электропогрузчика,,,,https://hh.ru/vacancy/54413936?query=%D1%80%D0%B0%D0%B7%D0%BD%D0%BE%D1%80%D0%B0%D0%B1%D0%BE%D1%87%D0%B8%D0%B9,https://hh.ru
442,Комплектовщик - Сотрудник склада / Комплектовщица - сотрудница склада,65000,,руб,https://hh.ru/vacancy/54413936?query=%D1%80%D0%B0%D0%B7%D0%BD%D0%BE%D1%80%D0%B0%D0%B1%D0%BE%D1%87%D0%B8%D0%B9,https://hh.ru
443,Упаковщик на табачный склад,60000,,руб,https://hh.ru/vacancy/54413936?query=%D1%80%D0%B0%D0%B7%D0%BD%D0%BE%D1%80%D0%B0%D0%B1%D0%BE%D1%87%D0%B8%D0%B9,https://hh.ru
444,Комплектовщик на склад одежды,60000,,руб,https://hh.ru/vacancy/54413936?query=%D1%80%D0%B0%D0%B7%D0%BD%D0%BE%D1%80%D0%B0%D0%B1%D0%BE%D1%87%D0%B8%D0%B9,https://hh.ru
445,Комплектовщик/комплектовщица на винный склад,72000,,руб,https://hh.ru/vacancy/54413936?query=%D1%80%D0%B0%D0%B7%D0%BD%D0%BE%D1%80%D0%B0%D0%B1%D0%BE%D1%87%D0%B8%D0%B9,https://hh.ru
446,Подсобный рабочий в типографию,40000,,руб,https://hh.ru/vacancy/54413936?query=%D1%80%D0%B0%D0%B7%D0%BD%D0%BE%D1%80%D0%B0%D0%B1%D0%BE%D1%87%D0%B8%D0%B9,https://hh.ru
447,Фасовщик/фасовщица на склад аромамасел,72000,,руб,https://hh.ru/vacancy/54413936?query=%D1%80%D0%B0%D0%B7%D0%BD%D0%BE%D1%80%D0%B0%D0%B1%D0%BE%D1%87%D0%B8%D0%B9,https://hh.ru
448,Комплектовщик/Комплектовщица на склад восковых свечей,72000,,руб,https://hh.ru/vacancy/54413936?query=%D1%80%D0%B0%D0%B7%D0%BD%D0%BE%D1%80%D0%B0%D0%B1%D0%BE%D1%87%D0%B8%D0%B9,https://hh.ru
449,Кладовщик-комплектовщик,,71000,руб,https://hh.ru/vacancy/54413936?query=%D1%80%D0%B0%D0%B7%D0%BD%D0%BE%D1%80%D0%B0%D0%B1%D0%BE%D1%87%D0%B8%D0%B9,https://hh.ru
450,Кладовщик-комплектовщик,,71000,руб,https://hh.ru/vacancy/54413936?query=%D1%80%D0%B0%D0%B7%D0%BD%D0%BE%D1%80%D0%B0%D0%B1%D0%BE%D1%87%D0%B8%D0%B9,https://hh.ru
451,HR менеджер/Менеджер по персоналу,,70000,руб,https://hh.ru/vacancy/54413936?query=%D1%80%D0%B0%D0%B7%D0%BD%D0%BE%D1%80%D0%B0%D0%B1%D0%BE%D1%87%D0%B8%D0%B9,https://hh.ru
452,Комплектовщик/комплектовщица на склад,,97000,руб,https://hh.ru/vacancy/54413936?query=%D1%80%D0%B0%D0%B7%D0%BD%D0%BE%D1%80%D0%B0%D0%B1%D0%BE%D1%87%D0%B8%D0%B9,https://hh.ru
453,"Мерчендайзер, г. Щербинка",,38000,руб,https://hh.ru/vacancy/54413936?query=%D1%80%D0%B0%D0%B7%D0%BD%D0%BE%D1%80%D0%B0%D0%B1%D0%BE%D1%87%D0%B8%D0%B9,https://hh.ru
454,Мерчендайзер (г. Москва),,38000,руб,https://hh.ru/vacancy/54413936?query=%D1%80%D0%B0%D0%B7%D0%BD%D0%BE%D1%80%D0%B0%D0%B1%D0%BE%D1%87%D0%B8%D0%B9,https://hh.ru
455,Комплектовщик-наборщик заказов на склад,,70000,руб,https://hh.ru/vacancy/54413936?query=%D1%80%D0%B0%D0%B7%D0%BD%D0%BE%D1%80%D0%B0%D0%B1%D0%BE%D1%87%D0%B8%D0%B9,https://hh.ru
456,Плотник / Хаус-мастер,,55000,руб,https://hh.ru/vacancy/54413936?query=%D1%80%D0%B0%D0%B7%D0%BD%D0%BE%D1%80%D0%B0%D0%B1%D0%BE%D1%87%D0%B8%D0%B9,https://hh.ru
457,Посудомойщик/Посудомойщица в Счетную палату,,33400,руб,https://hh.ru/vacancy/54413936?query=%D1%80%D0%B0%D0%B7%D0%BD%D0%BE%D1%80%D0%B0%D0%B1%D0%BE%D1%87%D0%B8%D0%B9,https://hh.ru
458,Заведующий хозяйством,,,,https://hh.ru/vacancy/54413936?query=%D1%80%D0%B0%D0%B7%D0%BD%D0%BE%D1%80%D0%B0%D0%B1%D0%BE%D1%87%D0%B8%D0%B9,https://hh.ru
459,Комплектовщик/комплектовщица на склад одежды,72000,,руб,https://hh.ru/vacancy/54413936?query=%D1%80%D0%B0%D0%B7%D0%BD%D0%BE%D1%80%D0%B0%D0%B1%D0%BE%D1%87%D0%B8%D0%B9,https://hh.ru
460,Комплектовщик текстильной продукции,72000,,руб,https://hh.ru/vacancy/54413936?query=%D1%80%D0%B0%D0%B7%D0%BD%D0%BE%D1%80%D0%B0%D0%B1%D0%BE%D1%87%D0%B8%D0%B9,https://hh.ru
461,Подсобный рабочий,55000,,руб,https://hh.ru/vacancy/54413936?query=%D1%80%D0%B0%D0%B7%D0%BD%D0%BE%D1%80%D0%B0%D0%B1%D0%BE%D1%87%D0%B8%D0%B9,https://hh.ru
462,Комплектовщик на склад одежды,,132000,руб,https://hh.ru/vacancy/54413936?query=%D1%80%D0%B0%D0%B7%D0%BD%D0%BE%D1%80%D0%B0%D0%B1%D0%BE%D1%87%D0%B8%D0%B9,https://hh.ru
463,"Комплектовщик на склад класса ""А""",,70000,руб,https://hh.ru/vacancy/54413936?query=%D1%80%D0%B0%D0%B7%D0%BD%D0%BE%D1%80%D0%B0%D0%B1%D0%BE%D1%87%D0%B8%D0%B9,https://hh.ru
464,Подсобный рабочий в ремонтно-строительный цех,,35000,руб,https://hh.ru/vacancy/54413936?query=%D1%80%D0%B0%D0%B7%D0%BD%D0%BE%D1%80%D0%B0%D0%B1%D0%BE%D1%87%D0%B8%D0%B9,https://hh.ru
465,Подсобный рабочий (м. Сходненская),40000,,руб,https://hh.ru/vacancy/54413936?query=%D1%80%D0%B0%D0%B7%D0%BD%D0%BE%D1%80%D0%B0%D0%B1%D0%BE%D1%87%D0%B8%D0%B9,https://hh.ru
466,Кладовщик,,60000,руб,https://hh.ru/vacancy/54413936?query=%D1%80%D0%B0%D0%B7%D0%BD%D0%BE%D1%80%D0%B0%D0%B1%D0%BE%D1%87%D0%B8%D0%B9,https://hh.ru
467,Комплектовщик Леруа Мерлен,,80000,руб,https://hh.ru/vacancy/54413936?query=%D1%80%D0%B0%D0%B7%D0%BD%D0%BE%D1%80%D0%B0%D0%B1%D0%BE%D1%87%D0%B8%D0%B9,https://hh.ru
468,Комплектовщик на склад одежды,72000,,руб,https://hh.ru/vacancy/54413936?query=%D1%80%D0%B0%D0%B7%D0%BD%D0%BE%D1%80%D0%B0%D0%B1%D0%BE%D1%87%D0%B8%D0%B9,https://hh.ru
469,Комплектовщик-наборщик заказов,,25000,руб,https://hh.ru/vacancy/54413936?query=%D1%80%D0%B0%D0%B7%D0%BD%D0%BE%D1%80%D0%B0%D0%B1%D0%BE%D1%87%D0%B8%D0%B9,https://hh.ru
470,Комплектовщик,39900,,руб,https://hh.ru/vacancy/54413936?query=%D1%80%D0%B0%D0%B7%D0%BD%D0%BE%D1%80%D0%B0%D0%B1%D0%BE%D1%87%D0%B8%D0%B9,https://hh.ru
471,Упаковщик Косметики,72000,,руб,https://hh.ru/vacancy/54413936?query=%D1%80%D0%B0%D0%B7%D0%BD%D0%BE%D1%80%D0%B0%D0%B1%D0%BE%D1%87%D0%B8%D0%B9,https://hh.ru
472,"Комплектовщик на склад класса ""А""",,85000,руб,https://hh.ru/vacancy/54413936?query=%D1%80%D0%B0%D0%B7%D0%BD%D0%BE%D1%80%D0%B0%D0%B1%D0%BE%D1%87%D0%B8%D0%B9,https://hh.ru
473,Грузчик на пивной склад,,35000,руб,https://hh.ru/vacancy/54413936?query=%D1%80%D0%B0%D0%B7%D0%BD%D0%BE%D1%80%D0%B0%D0%B1%D0%BE%D1%87%D0%B8%D0%B9,https://hh.ru
474,Разнорабочий на пищевое производство,48000,,руб,https://hh.ru/vacancy/54413936?query=%D1%80%D0%B0%D0%B7%D0%BD%D0%BE%D1%80%D0%B0%D0%B1%D0%BE%D1%87%D0%B8%D0%B9,https://hh.ru
475,Официант / Домработница (Домработник),100000,,руб,https://hh.ru/vacancy/54413936?query=%D1%80%D0%B0%D0%B7%D0%BD%D0%BE%D1%80%D0%B0%D0%B1%D0%BE%D1%87%D0%B8%D0%B9,https://hh.ru
476,Флорист,,55000,руб,https://hh.ru/vacancy/54413936?query=%D1%80%D0%B0%D0%B7%D0%BD%D0%BE%D1%80%D0%B0%D0%B1%D0%BE%D1%87%D0%B8%D0%B9,https://hh.ru
477,Комплектовщик (Сборщик интернет заказов),,70000,руб,https://hh.ru/vacancy/54413936?query=%D1%80%D0%B0%D0%B7%D0%BD%D0%BE%D1%80%D0%B0%D0%B1%D0%BE%D1%87%D0%B8%D0%B9,https://hh.ru
478,"Мерчендайзер, г. Москва",,40000,руб,https://hh.ru/vacancy/54413936?query=%D1%80%D0%B0%D0%B7%D0%BD%D0%BE%D1%80%D0%B0%D0%B1%D0%BE%D1%87%D0%B8%D0%B9,https://hh.ru
479,"Подсобный рабочий (Салмановское месторождение, Ямал)",,60000,руб,https://hh.ru/vacancy/54413936?query=%D1%80%D0%B0%D0%B7%D0%BD%D0%BE%D1%80%D0%B0%D0%B1%D0%BE%D1%87%D0%B8%D0%B9,https://hh.ru
480,Грузчик-комплектовщик,,50000,руб,https://hh.ru/vacancy/54413936?query=%D1%80%D0%B0%D0%B7%D0%BD%D0%BE%D1%80%D0%B0%D0%B1%D0%BE%D1%87%D0%B8%D0%B9,https://hh.ru
481,Плотник/подсобный рабочий (студгородок),,23000,руб,https://hh.ru/vacancy/54413936?query=%D1%80%D0%B0%D0%B7%D0%BD%D0%BE%D1%80%D0%B0%D0%B1%D0%BE%D1%87%D0%B8%D0%B9,https://hh.ru
482,Специалист АХО (Разнорабочий по офису),,,,https://hh.ru/vacancy/54413936?query=%D1%80%D0%B0%D0%B7%D0%BD%D0%BE%D1%80%D0%B0%D0%B1%D0%BE%D1%87%D0%B8%D0%B9,https://hh.ru
483,Комплектовщик/упаковщик на современный склад,,82000,руб,https://hh.ru/vacancy/54413936?query=%D1%80%D0%B0%D0%B7%D0%BD%D0%BE%D1%80%D0%B0%D0%B1%D0%BE%D1%87%D0%B8%D0%B9,https://hh.ru
484,Комплектовщик/комплектовщица на склад интернет заказов,,77000,руб,https://hh.ru/vacancy/54413936?query=%D1%80%D0%B0%D0%B7%D0%BD%D0%BE%D1%80%D0%B0%D0%B1%D0%BE%D1%87%D0%B8%D0%B9,https://hh.ru
485,Стикеровщик на склад медикаментов,,55000,руб,https://hh.ru/vacancy/54413936?query=%D1%80%D0%B0%D0%B7%D0%BD%D0%BE%D1%80%D0%B0%D0%B1%D0%BE%D1%87%D0%B8%D0%B9,https://hh.ru
486,Комплектовщик,,,,https://hh.ru/vacancy/54413936?query=%D1%80%D0%B0%D0%B7%D0%BD%D0%BE%D1%80%D0%B0%D0%B1%D0%BE%D1%87%D0%B8%D0%B9,https://hh.ru
487,Сотрудник склада,,40000,руб,https://hh.ru/vacancy/54413936?query=%D1%80%D0%B0%D0%B7%D0%BD%D0%BE%D1%80%D0%B0%D0%B1%D0%BE%D1%87%D0%B8%D0%B9,https://hh.ru
488,Комплектовщик/комплектовщица на склад,,97000,руб,https://hh.ru/vacancy/54413936?query=%D1%80%D0%B0%D0%B7%D0%BD%D0%BE%D1%80%D0%B0%D0%B1%D0%BE%D1%87%D0%B8%D0%B9,https://hh.ru
489,Сборщик-комплектовщик на склад,,55000,руб,https://hh.ru/vacancy/54413936?query=%D1%80%D0%B0%D0%B7%D0%BD%D0%BE%D1%80%D0%B0%D0%B1%D0%BE%D1%87%D0%B8%D0%B9,https://hh.ru
490,Работник торгового зала/Комплектовщик в Перекрёсток,40000,,руб,https://hh.ru/vacancy/54413936?query=%D1%80%D0%B0%D0%B7%D0%BD%D0%BE%D1%80%D0%B0%D0%B1%D0%BE%D1%87%D0%B8%D0%B9,https://hh.ru
491,Комплектовщик-наборщик заказов,70000,,руб,https://hh.ru/vacancy/54413936?query=%D1%80%D0%B0%D0%B7%D0%BD%D0%BE%D1%80%D0%B0%D0%B1%D0%BE%D1%87%D0%B8%D0%B9,https://hh.ru
492,Техник-смотритель,,57500,руб,https://hh.ru/vacancy/54413936?query=%D1%80%D0%B0%D0%B7%D0%BD%D0%BE%D1%80%D0%B0%D0%B1%D0%BE%D1%87%D0%B8%D0%B9,https://hh.ru
493,Упаковщик медицинских масок,,55000,руб,https://hh.ru/vacancy/54413936?query=%D1%80%D0%B0%D0%B7%D0%BD%D0%BE%D1%80%D0%B0%D0%B1%D0%BE%D1%87%D0%B8%D0%B9,https://hh.ru
494,Мерчендайзер/Работник торгового зала в Перекрёсток,40000,,руб,https://hh.ru/vacancy/54413936?query=%D1%80%D0%B0%D0%B7%D0%BD%D0%BE%D1%80%D0%B0%D0%B1%D0%BE%D1%87%D0%B8%D0%B9,https://hh.ru
495,Грузчик на электротележке (Алтуфьево),45000,,руб,https://hh.ru/vacancy/54413936?query=%D1%80%D0%B0%D0%B7%D0%BD%D0%BE%D1%80%D0%B0%D0%B1%D0%BE%D1%87%D0%B8%D0%B9,https://hh.ru
496,Хаус-мастер (м. Рассказовка),,57200,руб,https://hh.ru/vacancy/54413936?query=%D1%80%D0%B0%D0%B7%D0%BD%D0%BE%D1%80%D0%B0%D0%B1%D0%BE%D1%87%D0%B8%D0%B9,https://hh.ru
497,Электрик/разнорабочий,,49000,руб,https://hh.ru/vacancy/54413936?query=%D1%80%D0%B0%D0%B7%D0%BD%D0%BE%D1%80%D0%B0%D0%B1%D0%BE%D1%87%D0%B8%D0%B9,https://hh.ru
498,Уборщица (уборщик) / подсобный рабочий,,18050,руб,https://hh.ru/vacancy/54413936?query=%D1%80%D0%B0%D0%B7%D0%BD%D0%BE%D1%80%D0%B0%D0%B1%D0%BE%D1%87%D0%B8%D0%B9,https://hh.ru
499,Менеджер по продажам аутсорсинг (удаленно),100000,,руб,https://hh.ru/vacancy/54413936?query=%D1%80%D0%B0%D0%B7%D0%BD%D0%BE%D1%80%D0%B0%D0%B1%D0%BE%D1%87%D0%B8%D0%B9,https://hh.ru
500,Водитель Газели/работник (ямочный ремонт асфальтобетонного покрытия),,60000,руб,https://hh.ru/vacancy/54413936?query=%D1%80%D0%B0%D0%B7%D0%BD%D0%BE%D1%80%D0%B0%D0%B1%D0%BE%D1%87%D0%B8%D0%B9,https://hh.ru
501,Мерчендайзер (г. Москва),,38000,руб,https://hh.ru/vacancy/54413936?query=%D1%80%D0%B0%D0%B7%D0%BD%D0%BE%D1%80%D0%B0%D0%B1%D0%BE%D1%87%D0%B8%D0%B9,https://hh.ru
502,Мерчендайзер (г. Москва),,38000,руб,https://hh.ru/vacancy/54413936?query=%D1%80%D0%B0%D0%B7%D0%BD%D0%BE%D1%80%D0%B0%D0%B1%D0%BE%D1%87%D0%B8%D0%B9,https://hh.ru
503,Супервайзер номерного фонда / Housekeeping Supervisor,50300,,руб,https://hh.ru/vacancy/54413936?query=%D1%80%D0%B0%D0%B7%D0%BD%D0%BE%D1%80%D0%B0%D0%B1%D0%BE%D1%87%D0%B8%D0%B9,https://hh.ru
504,Приёмщик товара Ашан (м. Марьина Роща),,36000,руб,https://hh.ru/vacancy/54413936?query=%D1%80%D0%B0%D0%B7%D0%BD%D0%BE%D1%80%D0%B0%D0%B1%D0%BE%D1%87%D0%B8%D0%B9,https://hh.ru
505,Механик по транспорту,,70000,руб,https://hh.ru/vacancy/54413936?query=%D1%80%D0%B0%D0%B7%D0%BD%D0%BE%D1%80%D0%B0%D0%B1%D0%BE%D1%87%D0%B8%D0%B9,https://hh.ru
506,Продавец (АШАН Марьина Роща),,26970,руб,https://hh.ru/vacancy/54413936?query=%D1%80%D0%B0%D0%B7%D0%BD%D0%BE%D1%80%D0%B0%D0%B1%D0%BE%D1%87%D0%B8%D0%B9,https://hh.ru
507,Комплектовщик,,,,https://hh.ru/vacancy/54413936?query=%D1%80%D0%B0%D0%B7%D0%BD%D0%BE%D1%80%D0%B0%D0%B1%D0%BE%D1%87%D0%B8%D0%B9,https://hh.ru
508,Мойщик автомобилей (подсобный рабочий),,30000,руб,https://hh.ru/vacancy/54413936?query=%D1%80%D0%B0%D0%B7%D0%BD%D0%BE%D1%80%D0%B0%D0%B1%D0%BE%D1%87%D0%B8%D0%B9,https://hh.ru
509,Подсобный рабочий (деревообрабатывающее производство),70000,,руб,https://hh.ru/vacancy/54413936?query=%D1%80%D0%B0%D0%B7%D0%BD%D0%BE%D1%80%D0%B0%D0%B1%D0%BE%D1%87%D0%B8%D0%B9,https://hh.ru
510,Комплектовщик заказов,75000,,руб,https://hh.ru/vacancy/54413936?query=%D1%80%D0%B0%D0%B7%D0%BD%D0%BE%D1%80%D0%B0%D0%B1%D0%BE%D1%87%D0%B8%D0%B9,https://hh.ru
511,Комплектовщик (склады ОЗОН),,70000,руб,https://hh.ru/vacancy/54413936?query=%D1%80%D0%B0%D0%B7%D0%BD%D0%BE%D1%80%D0%B0%D0%B1%D0%BE%D1%87%D0%B8%D0%B9,https://hh.ru
512,Подсобный рабочий в аэропорт Шереметьево,,60000,руб,https://hh.ru/vacancy/54413936?query=%D1%80%D0%B0%D0%B7%D0%BD%D0%BE%D1%80%D0%B0%D0%B1%D0%BE%D1%87%D0%B8%D0%B9,https://hh.ru
513,Рекрутер (удаленно),40000,,руб,https://hh.ru/vacancy/54413936?query=%D1%80%D0%B0%D0%B7%D0%BD%D0%BE%D1%80%D0%B0%D0%B1%D0%BE%D1%87%D0%B8%D0%B9,https://hh.ru
514,Курьер/разнорабочий,50000,,руб,https://hh.ru/vacancy/54413936?query=%D1%80%D0%B0%D0%B7%D0%BD%D0%BE%D1%80%D0%B0%D0%B1%D0%BE%D1%87%D0%B8%D0%B9,https://hh.ru
515,Кладовщик,,60000,руб,https://hh.ru/vacancy/54413936?query=%D1%80%D0%B0%D0%B7%D0%BD%D0%BE%D1%80%D0%B0%D0%B1%D0%BE%D1%87%D0%B8%D0%B9,https://hh.ru
516,Сортировщик посылок интернет магазина,,70000,руб,https://hh.ru/vacancy/54413936?query=%D1%80%D0%B0%D0%B7%D0%BD%D0%BE%D1%80%D0%B0%D0%B1%D0%BE%D1%87%D0%B8%D0%B9,https://hh.ru
517,Сортировщик на склад,99000,,руб,https://hh.ru/vacancy/54413936?query=%D1%80%D0%B0%D0%B7%D0%BD%D0%BE%D1%80%D0%B0%D0%B1%D0%BE%D1%87%D0%B8%D0%B9,https://hh.ru
518,Комплектовщик/комплектовщица на склад,,97000,руб,https://hh.ru/vacancy/54413936?query=%D1%80%D0%B0%D0%B7%D0%BD%D0%BE%D1%80%D0%B0%D0%B1%D0%BE%D1%87%D0%B8%D0%B9,https://hh.ru
519,Разнорабочий / Аппаратчик термических обработок 3 разряда,,57000,руб,https://hh.ru/vacancy/54413936?query=%D1%80%D0%B0%D0%B7%D0%BD%D0%BE%D1%80%D0%B0%D0%B1%D0%BE%D1%87%D0%B8%D0%B9,https://hh.ru
520,Кладовщик,,,,https://hh.ru/vacancy/54413936?query=%D1%80%D0%B0%D0%B7%D0%BD%D0%BE%D1%80%D0%B0%D0%B1%D0%BE%D1%87%D0%B8%D0%B9,https://hh.ru
521,Упаковщик,50000,,руб,https://hh.ru/vacancy/54413936?query=%D1%80%D0%B0%D0%B7%D0%BD%D0%BE%D1%80%D0%B0%D0%B1%D0%BE%D1%87%D0%B8%D0%B9,https://hh.ru
522,Комплектовщик,55000,,руб,https://hh.ru/vacancy/54413936?query=%D1%80%D0%B0%D0%B7%D0%BD%D0%BE%D1%80%D0%B0%D0%B1%D0%BE%D1%87%D0%B8%D0%B9,https://hh.ru
523,Комплектовщик на склад брендовой одежды,,55000,руб,https://hh.ru/vacancy/54413936?query=%D1%80%D0%B0%D0%B7%D0%BD%D0%BE%D1%80%D0%B0%D0%B1%D0%BE%D1%87%D0%B8%D0%B9,https://hh.ru
524,Рабочий на производство / Оператор автомата по производству колбас с проживанием,57000,,руб,https://hh.ru/vacancy/54413936?query=%D1%80%D0%B0%D0%B7%D0%BD%D0%BE%D1%80%D0%B0%D0%B1%D0%BE%D1%87%D0%B8%D0%B9,https://hh.ru
525,Кладовщик,60000,,руб,https://hh.ru/vacancy/54413936?query=%D1%80%D0%B0%D0%B7%D0%BD%D0%BE%D1%80%D0%B0%D0%B1%D0%BE%D1%87%D0%B8%D0%B9,https://hh.ru
526,Диспетчер в апарт-отель Yes Технопарк,50000,,руб,https://hh.ru/vacancy/54413936?query=%D1%80%D0%B0%D0%B7%D0%BD%D0%BE%D1%80%D0%B0%D0%B1%D0%BE%D1%87%D0%B8%D0%B9,https://hh.ru
527,Кладовщик,,60000,руб,https://hh.ru/vacancy/54413936?query=%D1%80%D0%B0%D0%B7%D0%BD%D0%BE%D1%80%D0%B0%D0%B1%D0%BE%D1%87%D0%B8%D0%B9,https://hh.ru
528,Мерчендайзер / Работник торгового зала в Перекресток,38000,,руб,https://hh.ru/vacancy/54413936?query=%D1%80%D0%B0%D0%B7%D0%BD%D0%BE%D1%80%D0%B0%D0%B1%D0%BE%D1%87%D0%B8%D0%B9,https://hh.ru
529,Контролер мастер,,66400,руб,https://hh.ru/vacancy/54413936?query=%D1%80%D0%B0%D0%B7%D0%BD%D0%BE%D1%80%D0%B0%D0%B1%D0%BE%D1%87%D0%B8%D0%B9,https://hh.ru
530,Сборщик интернет-заказов,,55000,руб,https://hh.ru/vacancy/54413936?query=%D1%80%D0%B0%D0%B7%D0%BD%D0%BE%D1%80%D0%B0%D0%B1%D0%BE%D1%87%D0%B8%D0%B9,https://hh.ru
531,Комплектовщик на склад OZON,,65000,руб,https://hh.ru/vacancy/54413936?query=%D1%80%D0%B0%D0%B7%D0%BD%D0%BE%D1%80%D0%B0%D0%B1%D0%BE%D1%87%D0%B8%D0%B9,https://hh.ru
532,Подсобный рабочий в пищеблок,,20000,руб,https://hh.ru/vacancy/54413936?query=%D1%80%D0%B0%D0%B7%D0%BD%D0%BE%D1%80%D0%B0%D0%B1%D0%BE%D1%87%D0%B8%D0%B9,https://hh.ru
533,Ночной Сборщик интернет-заказов,,60000,руб,https://hh.ru/vacancy/54413936?query=%D1%80%D0%B0%D0%B7%D0%BD%D0%BE%D1%80%D0%B0%D0%B1%D0%BE%D1%87%D0%B8%D0%B9,https://hh.ru
534,Грузчик-мерчендайзер (м Люблино),,33000,руб,https://hh.ru/vacancy/54413936?query=%D1%80%D0%B0%D0%B7%D0%BD%D0%BE%D1%80%D0%B0%D0%B1%D0%BE%D1%87%D0%B8%D0%B9,https://hh.ru
535,Грузчик (м. Раменки),,33000,руб,https://hh.ru/vacancy/54413936?query=%D1%80%D0%B0%D0%B7%D0%BD%D0%BE%D1%80%D0%B0%D0%B1%D0%BE%D1%87%D0%B8%D0%B9,https://hh.ru
536,Упаковщик-маркировщик-комплектовщик в г. Жуковский Московской области,,85000,руб,https://hh.ru/vacancy/54413936?query=%D1%80%D0%B0%D0%B7%D0%BD%D0%BE%D1%80%D0%B0%D0%B1%D0%BE%D1%87%D0%B8%D0%B9,https://hh.ru
537,Комплектовщик на склад спортивных товаров,,56300,руб,https://hh.ru/vacancy/54413936?query=%D1%80%D0%B0%D0%B7%D0%BD%D0%BE%D1%80%D0%B0%D0%B1%D0%BE%D1%87%D0%B8%D0%B9,https://hh.ru
538,Сборщик/упаковщик заказов на склад,,76000,руб,https://hh.ru/vacancy/54413936?query=%D1%80%D0%B0%D0%B7%D0%BD%D0%BE%D1%80%D0%B0%D0%B1%D0%BE%D1%87%D0%B8%D0%B9,https://hh.ru
539,Грузчик (м. Братиславская),,33000,руб,https://hh.ru/vacancy/54413936?query=%D1%80%D0%B0%D0%B7%D0%BD%D0%BE%D1%80%D0%B0%D0%B1%D0%BE%D1%87%D0%B8%D0%B9,https://hh.ru
540,Руководитель склада и транспортной логистки (Звенигород),140000,,руб,https://hh.ru/vacancy/54413936?query=%D1%80%D0%B0%D0%B7%D0%BD%D0%BE%D1%80%D0%B0%D0%B1%D0%BE%D1%87%D0%B8%D0%B9,https://hh.ru
541,Сборщик-кладовщик интернет-заказов,,75000,руб,https://hh.ru/vacancy/54413936?query=%D1%80%D0%B0%D0%B7%D0%BD%D0%BE%D1%80%D0%B0%D0%B1%D0%BE%D1%87%D0%B8%D0%B9,https://hh.ru
542,Упаковщик/Упаковщица на кондитерское производство,,76000,руб,https://hh.ru/vacancy/54413936?query=%D1%80%D0%B0%D0%B7%D0%BD%D0%BE%D1%80%D0%B0%D0%B1%D0%BE%D1%87%D0%B8%D0%B9,https://hh.ru
543,Работник торгового зала (м. Профсоюзная),,34000,руб,https://hh.ru/vacancy/54413936?query=%D1%80%D0%B0%D0%B7%D0%BD%D0%BE%D1%80%D0%B0%D0%B1%D0%BE%D1%87%D0%B8%D0%B9,https://hh.ru
544,Сборщик заказов на склад интернет-магазина,,65200,руб,https://hh.ru/vacancy/54413936?query=%D1%80%D0%B0%D0%B7%D0%BD%D0%BE%D1%80%D0%B0%D0%B1%D0%BE%D1%87%D0%B8%D0%B9,https://hh.ru
545,Специалист по приему товара (м. Профсоюзная),,38000,руб,https://hh.ru/vacancy/54413936?query=%D1%80%D0%B0%D0%B7%D0%BD%D0%BE%D1%80%D0%B0%D0%B1%D0%BE%D1%87%D0%B8%D0%B9,https://hh.ru
546,Ночной ревизор/ Пересчет товара,,1800,руб,https://hh.ru/vacancy/54413936?query=%D1%80%D0%B0%D0%B7%D0%BD%D0%BE%D1%80%D0%B0%D0%B1%D0%BE%D1%87%D0%B8%D0%B9,https://hh.ru
547,Секретарь,,,,https://hh.ru/vacancy/54413936?query=%D1%80%D0%B0%D0%B7%D0%BD%D0%BE%D1%80%D0%B0%D0%B1%D0%BE%D1%87%D0%B8%D0%B9,https://hh.ru
548,Грузчик-комплектовщик,,38000,руб,https://hh.ru/vacancy/54413936?query=%D1%80%D0%B0%D0%B7%D0%BD%D0%BE%D1%80%D0%B0%D0%B1%D0%BE%D1%87%D0%B8%D0%B9,https://hh.ru
549,Подсобный рабочий/бетонщик/гидроизоляровщик/проходчик/электрогазосварщик,60000,,руб,https://hh.ru/vacancy/54413936?query=%D1%80%D0%B0%D0%B7%D0%BD%D0%BE%D1%80%D0%B0%D0%B1%D0%BE%D1%87%D0%B8%D0%B9,https://hh.ru
550,Подсобный рабочий,,21000,руб,https://hh.ru/vacancy/54413936?query=%D1%80%D0%B0%D0%B7%D0%BD%D0%BE%D1%80%D0%B0%D0%B1%D0%BE%D1%87%D0%B8%D0%B9,https://hh.ru
